config_label,boundary_id,low_upper_mg_L,mid_upper_mg_L,model_name,params_json,fit_status,error_message,validation_design,cv_accuracy,cv_balanced_accuracy,cv_macro_f1,cv_low_precision,cv_low_recall,cv_low_f1,cv_low_support,cv_mid_precision,cv_mid_recall,cv_mid_f1,cv_mid_support,cv_high_precision,cv_high_recall,cv_high_f1,cv_high_support,cv_n_errors
low_le_0.5__mid_le_3__PLSDA__000,low_le_0.5__mid_le_3,0.5,3.0,PLSDA,"{""model__n_components"": 2}",ok,,LeaveOneConcentrationOut on standard concentration labels; boundary search uses standard set only,0.5384615384615384,0.3333333333333333,0.3111111111111111,0.0,0.0,0.0,30.0,0.0,0.0,0.0,30.0,0.875,1.0,0.9333333333333332,70.0,60
low_le_0.5__mid_le_3__PLSDA__001,low_le_0.5__mid_le_3,0.5,3.0,PLSDA,"{""model__n_components"": 5}",ok,,LeaveOneConcentrationOut on standard concentration labels; boundary search uses standard set only,0.4538461538461538,0.338095238095238,0.3537271448663854,0.1836734693877551,0.3,0.2278481012658227,30.0,0.0,0.0,0.0,30.0,1.0,0.7142857142857143,0.8333333333333334,70.0,71
low_le_0.5__mid_le_3__LogisticRegression__002,low_le_0.5__mid_le_3,0.5,3.0,LogisticRegression,"{""model__C"": 0.1}",ok,,LeaveOneConcentrationOut on standard concentration labels; boundary search uses standard set only,0.5384615384615384,0.3968253968253968,0.402930402930403,0.25,0.3333333333333333,0.2857142857142857,30.0,0.0,0.0,0.0,30.0,1.0,0.8571428571428571,0.9230769230769232,70.0,60
low_le_0.5__mid_le_3__LogisticRegression__003,low_le_0.5__mid_le_3,0.5,3.0,LogisticRegression,"{""model__C"": 1.0}",ok,,LeaveOneConcentrationOut on standard concentration labels; boundary search uses standard set only,0.6692307692307692,0.5857142857142857,0.5145888594164457,0.4736842105263157,0.9,0.6206896551724138,30.0,0.0,0.0,0.0,30.0,1.0,0.8571428571428571,0.9230769230769232,70.0,43
low_le_0.5__mid_le_3__SVC_RBF__004,low_le_0.5__mid_le_3,0.5,3.0,SVC_RBF,"{""model__C"": 1.0}",ok,,LeaveOneConcentrationOut on standard concentration labels; boundary search uses standard set only,0.4615384615384615,0.2857142857142857,0.2985074626865672,0.0,0.0,0.0,30.0,0.0,0.0,0.0,30.0,0.9375,0.8571428571428571,0.8955223880597015,70.0,70
low_le_0.5__mid_le_3__SVC_RBF__005,low_le_0.5__mid_le_3,0.5,3.0,SVC_RBF,"{""model__C"": 10.0}",ok,,LeaveOneConcentrationOut on standard concentration labels; boundary search uses standard set only,0.5846153846153846,0.4253968253968254,0.4187675070028011,0.25,0.3333333333333333,0.2857142857142857,30.0,0.0,0.0,0.0,30.0,1.0,0.9428571428571428,0.9705882352941176,70.0,54
low_le_0.5__mid_le_3__KNeighborsClassifier__006,low_le_0.5__mid_le_3,0.5,3.0,KNeighborsClassifier,"{""model__n_neighbors"": 1}",ok,,LeaveOneConcentrationOut on standard concentration labels; boundary search uses standard set only,0.7,0.5666666666666667,0.5061728395061729,0.4117647058823529,0.7,0.5185185185185185,30.0,0.0,0.0,0.0,30.0,1.0,1.0,1.0,70.0,39
low_le_0.5__mid_le_3__KNeighborsClassifier__007,low_le_0.5__mid_le_3,0.5,3.0,KNeighborsClassifier,"{""model__n_neighbors"": 3}",ok,,LeaveOneConcentrationOut on standard concentration labels; boundary search uses standard set only,0.676923076923077,0.5396825396825397,0.4912728045411771,0.3877551020408163,0.6333333333333333,0.4810126582278481,30.0,0.0,0.0,0.0,30.0,1.0,0.9857142857142858,0.9928057553956836,70.0,42
low_le_0.5__mid_le_3__RandomForestClassifier__008,low_le_0.5__mid_le_3,0.5,3.0,RandomForestClassifier,"{""model__min_samples_leaf"": 1, ""model__n_estimators"": 160}",ok,,LeaveOneConcentrationOut on standard concentration labels; boundary search uses standard set only,0.7692307692307693,0.7238095238095239,0.6884916417045126,0.5918367346938775,0.9666666666666668,0.7341772151898734,30.0,0.5,0.3333333333333333,0.4,30.0,1.0,0.8714285714285714,0.931297709923664,70.0,30
low_le_0.5__mid_le_3__GradientBoostingClassifier__009,low_le_0.5__mid_le_3,0.5,3.0,GradientBoostingClassifier,"{""model__learning_rate"": 0.05, ""model__max_depth"": 2, ""model__n_estimators"": 100}",ok,,LeaveOneConcentrationOut on standard concentration labels; boundary search uses standard set only,0.6538461538461539,0.5634920634920635,0.5079365079365079,0.5555555555555556,0.8333333333333334,0.6666666666666666,30.0,0.0,0.0,0.0,30.0,0.8571428571428571,0.8571428571428571,0.8571428571428571,70.0,45
low_le_0.5__mid_le_5__PLSDA__000,low_le_0.5__mid_le_5,0.5,5.0,PLSDA,"{""model__n_components"": 2}",ok,,LeaveOneConcentrationOut on standard concentration labels; boundary search uses standard set only,0.3923076923076923,0.2861111111111111,0.2666283854914346,0.0,0.0,0.0,30.0,0.024390243902439,0.025,0.0246913580246913,40.0,0.7246376811594203,0.8333333333333334,0.7751937984496124,60.0,79
low_le_0.5__mid_le_5__PLSDA__001,low_le_0.5__mid_le_5,0.5,5.0,PLSDA,"{""model__n_components"": 5}",ok,,LeaveOneConcentrationOut on standard concentration labels; boundary search uses standard set only,0.3461538461538461,0.3,0.2987042509661287,0.1698113207547169,0.3,0.216867469879518,30.0,0.0,0.0,0.0,40.0,0.782608695652174,0.6,0.6792452830188679,60.0,85
low_le_0.5__mid_le_5__LogisticRegression__002,low_le_0.5__mid_le_5,0.5,5.0,LogisticRegression,"{""model__C"": 0.1}",ok,,LeaveOneConcentrationOut on standard concentration labels; boundary search uses standard set only,0.6153846153846154,0.5555555555555556,0.5622895622895623,0.3333333333333333,0.3333333333333333,0.3333333333333333,30.0,0.4,0.5,0.4444444444444444,40.0,1.0,0.8333333333333334,0.9090909090909092,60.0,50
low_le_0.5__mid_le_5__LogisticRegression__003,low_le_0.5__mid_le_5,0.5,5.0,LogisticRegression,"{""model__C"": 1.0}",ok,,LeaveOneConcentrationOut on standard concentration labels; boundary search uses standard set only,0.7384615384615385,0.7333333333333334,0.7112806586490797,0.5652173913043478,0.8666666666666667,0.6842105263157895,30.0,0.5882352941176471,0.5,0.5405405405405406,40.0,1.0,0.8333333333333334,0.9090909090909092,60.0,34
low_le_0.5__mid_le_5__SVC_RBF__004,low_le_0.5__mid_le_5,0.5,5.0,SVC_RBF,"{""model__C"": 1.0}",ok,,LeaveOneConcentrationOut on standard concentration labels; boundary search uses standard set only,0.5384615384615384,0.4722222222222221,0.4333333333333333,0.0,0.0,0.0,30.0,0.375,0.75,0.5,40.0,1.0,0.6666666666666666,0.8,60.0,60
low_le_0.5__mid_le_5__SVC_RBF__005,low_le_0.5__mid_le_5,0.5,5.0,SVC_RBF,"{""model__C"": 10.0}",ok,,LeaveOneConcentrationOut on standard concentration labels; boundary search uses standard set only,0.4923076923076923,0.4222222222222223,0.4186304531132117,0.25,0.3333333333333333,0.2857142857142857,30.0,0.1176470588235294,0.1,0.1081081081081081,40.0,0.8928571428571429,0.8333333333333334,0.8620689655172413,60.0,66
low_le_0.5__mid_le_5__KNeighborsClassifier__006,low_le_0.5__mid_le_5,0.5,5.0,KNeighborsClassifier,"{""model__n_neighbors"": 1}",ok,,LeaveOneConcentrationOut on standard concentration labels; boundary search uses standard set only,0.5461538461538461,0.5111111111111111,0.4506172839506173,0.4117647058823529,0.7,0.5185185185185185,30.0,0.0,0.0,0.0,40.0,0.8333333333333334,0.8333333333333334,0.8333333333333334,60.0,59
low_le_0.5__mid_le_5__KNeighborsClassifier__007,low_le_0.5__mid_le_5,0.5,5.0,KNeighborsClassifier,"{""model__n_neighbors"": 3}",ok,,LeaveOneConcentrationOut on standard concentration labels; boundary search uses standard set only,0.5384615384615384,0.4972222222222222,0.4512022857325862,0.3877551020408163,0.6333333333333333,0.4810126582278481,30.0,0.0454545454545454,0.025,0.032258064516129,40.0,0.847457627118644,0.8333333333333334,0.8403361344537815,60.0,60
low_le_0.5__mid_le_5__RandomForestClassifier__008,low_le_0.5__mid_le_5,0.5,5.0,RandomForestClassifier,"{""model__min_samples_leaf"": 1, ""model__n_estimators"": 160}",ok,,LeaveOneConcentrationOut on standard concentration labels; boundary search uses standard set only,0.7461538461538462,0.7472222222222222,0.7180202954850842,0.5833333333333334,0.9333333333333332,0.717948717948718,30.0,0.6129032258064516,0.475,0.5352112676056338,40.0,0.9803921568627452,0.8333333333333334,0.9009009009009008,60.0,33
low_le_0.5__mid_le_5__GradientBoostingClassifier__009,low_le_0.5__mid_le_5,0.5,5.0,GradientBoostingClassifier,"{""model__learning_rate"": 0.05, ""model__max_depth"": 2, ""model__n_estimators"": 100}",ok,,LeaveOneConcentrationOut on standard concentration labels; boundary search uses standard set only,0.6615384615384615,0.5944444444444444,0.573475135975136,0.4444444444444444,0.5333333333333333,0.4848484848484848,30.0,0.4166666666666667,0.25,0.3125,40.0,0.8571428571428571,1.0,0.9230769230769232,60.0,44
low_le_0.5__mid_le_7__PLSDA__000,low_le_0.5__mid_le_7,0.5,7.0,PLSDA,"{""model__n_components"": 2}",ok,,LeaveOneConcentrationOut on standard concentration labels; boundary search uses standard set only,0.6153846153846154,0.5333333333333333,0.5014245014245015,0.0,0.0,0.0,30.0,0.5,0.8,0.6153846153846154,50.0,1.0,0.8,0.8888888888888888,50.0,50
low_le_0.5__mid_le_7__PLSDA__001,low_le_0.5__mid_le_7,0.5,7.0,PLSDA,"{""model__n_components"": 5}",ok,,LeaveOneConcentrationOut on standard concentration labels; boundary search uses standard set only,0.3230769230769231,0.32,0.3337719298245614,0.18,0.3,0.225,30.0,0.2407407407407407,0.26,0.25,50.0,0.7692307692307693,0.4,0.5263157894736842,50.0,88
low_le_0.5__mid_le_7__LogisticRegression__002,low_le_0.5__mid_le_7,0.5,7.0,LogisticRegression,"{""model__C"": 0.1}",ok,,LeaveOneConcentrationOut on standard concentration labels; boundary search uses standard set only,0.6153846153846154,0.5777777777777778,0.5892255892255892,0.3333333333333333,0.3333333333333333,0.3333333333333333,30.0,0.5,0.6,0.5454545454545454,50.0,1.0,0.8,0.8888888888888888,50.0,50
low_le_0.5__mid_le_7__LogisticRegression__003,low_le_0.5__mid_le_7,0.5,7.0,LogisticRegression,"{""model__C"": 1.0}",ok,,LeaveOneConcentrationOut on standard concentration labels; boundary search uses standard set only,0.7384615384615385,0.7555555555555555,0.7371324291817013,0.5652173913043478,0.8666666666666667,0.6842105263157895,30.0,0.6818181818181818,0.6,0.6382978723404256,50.0,1.0,0.8,0.8888888888888888,50.0,34
low_le_0.5__mid_le_7__SVC_RBF__004,low_le_0.5__mid_le_7,0.5,7.0,SVC_RBF,"{""model__C"": 1.0}",ok,,LeaveOneConcentrationOut on standard concentration labels; boundary search uses standard set only,0.6153846153846154,0.5333333333333333,0.5014245014245015,0.0,0.0,0.0,30.0,0.5,0.8,0.6153846153846154,50.0,1.0,0.8,0.8888888888888888,50.0,50
low_le_0.5__mid_le_7__SVC_RBF__005,low_le_0.5__mid_le_7,0.5,7.0,SVC_RBF,"{""model__C"": 10.0}",ok,,LeaveOneConcentrationOut on standard concentration labels; boundary search uses standard set only,0.5384615384615384,0.5111111111111111,0.5248677248677248,0.25,0.3333333333333333,0.2857142857142857,30.0,0.4,0.4,0.4,50.0,1.0,0.8,0.8888888888888888,50.0,60
low_le_0.5__mid_le_7__KNeighborsClassifier__006,low_le_0.5__mid_le_7,0.5,7.0,KNeighborsClassifier,"{""model__n_neighbors"": 1}",ok,,LeaveOneConcentrationOut on standard concentration labels; boundary search uses standard set only,0.6230769230769231,0.6333333333333333,0.6189485365515327,0.4117647058823529,0.7,0.5185185185185185,30.0,0.5128205128205128,0.4,0.449438202247191,50.0,1.0,0.8,0.8888888888888888,50.0,49
low_le_0.5__mid_le_7__KNeighborsClassifier__007,low_le_0.5__mid_le_7,0.5,7.0,KNeighborsClassifier,"{""model__n_neighbors"": 3}",ok,,LeaveOneConcentrationOut on standard concentration labels; boundary search uses standard set only,0.6076923076923076,0.6111111111111112,0.6031539955590589,0.3877551020408163,0.6333333333333333,0.4810126582278481,30.0,0.4878048780487805,0.4,0.4395604395604395,50.0,1.0,0.8,0.8888888888888888,50.0,51
low_le_0.5__mid_le_7__RandomForestClassifier__008,low_le_0.5__mid_le_7,0.5,7.0,RandomForestClassifier,"{""model__min_samples_leaf"": 1, ""model__n_estimators"": 160}",ok,,LeaveOneConcentrationOut on standard concentration labels; boundary search uses standard set only,0.7615384615384615,0.7888888888888889,0.7608022544731406,0.5918367346938775,0.9666666666666668,0.7341772151898734,30.0,0.7317073170731707,0.6,0.6593406593406593,50.0,1.0,0.8,0.8888888888888888,50.0,31
low_le_0.5__mid_le_7__GradientBoostingClassifier__009,low_le_0.5__mid_le_7,0.5,7.0,GradientBoostingClassifier,"{""model__learning_rate"": 0.05, ""model__max_depth"": 2, ""model__n_estimators"": 100}",ok,,LeaveOneConcentrationOut on standard concentration labels; boundary search uses standard set only,0.6538461538461539,0.6777777777777777,0.6457516339869281,0.5555555555555556,0.8333333333333334,0.6666666666666666,30.0,0.5714285714285714,0.4,0.4705882352941176,50.0,0.8,0.8,0.8,50.0,45
low_le_0.5__mid_le_10__PLSDA__000,low_le_0.5__mid_le_10,0.5,10.0,PLSDA,"{""model__n_components"": 2}",ok,,LeaveOneConcentrationOut on standard concentration labels; boundary search uses standard set only,0.6153846153846154,0.5277777777777778,0.5079365079365079,0.0,0.0,0.0,30.0,0.5555555555555556,0.8333333333333334,0.6666666666666666,60.0,1.0,0.75,0.8571428571428571,40.0,50
low_le_0.5__mid_le_10__PLSDA__001,low_le_0.5__mid_le_10,0.5,10.0,PLSDA,"{""model__n_components"": 5}",ok,,LeaveOneConcentrationOut on standard concentration labels; boundary search uses standard set only,0.6846153846153846,0.686111111111111,0.6910551021222958,0.5,0.6666666666666666,0.5714285714285714,30.0,0.6557377049180327,0.6666666666666666,0.6611570247933884,60.0,1.0,0.725,0.8405797101449275,40.0,41
low_le_0.5__mid_le_10__LogisticRegression__002,low_le_0.5__mid_le_10,0.5,10.0,LogisticRegression,"{""model__C"": 0.1}",ok,,LeaveOneConcentrationOut on standard concentration labels; boundary search uses standard set only,0.6153846153846154,0.5833333333333334,0.6019536019536019,0.3333333333333333,0.3333333333333333,0.3333333333333333,30.0,0.5714285714285714,0.6666666666666666,0.6153846153846154,60.0,1.0,0.75,0.8571428571428571,40.0,50
low_le_0.5__mid_le_10__LogisticRegression__003,low_le_0.5__mid_le_10,0.5,10.0,LogisticRegression,"{""model__C"": 1.0}",ok,,LeaveOneConcentrationOut on standard concentration labels; boundary search uses standard set only,0.7384615384615385,0.7611111111111111,0.747702589807853,0.5652173913043478,0.8666666666666667,0.6842105263157895,30.0,0.7407407407407407,0.6666666666666666,0.7017543859649122,60.0,1.0,0.75,0.8571428571428571,40.0,34
low_le_0.5__mid_le_10__SVC_RBF__004,low_le_0.5__mid_le_10,0.5,10.0,SVC_RBF,"{""model__C"": 1.0}",ok,,LeaveOneConcentrationOut on standard concentration labels; boundary search uses standard set only,0.6923076923076923,0.6111111111111112,0.5714285714285715,0.0,0.0,0.0,30.0,0.625,0.8333333333333334,0.7142857142857143,60.0,1.0,1.0,1.0,40.0,40
low_le_0.5__mid_le_10__SVC_RBF__005,low_le_0.5__mid_le_10,0.5,10.0,SVC_RBF,"{""model__C"": 10.0}",ok,,LeaveOneConcentrationOut on standard concentration labels; boundary search uses standard set only,0.6153846153846154,0.611111111111111,0.6103896103896104,0.25,0.3333333333333333,0.2857142857142857,30.0,0.6,0.5,0.5454545454545454,60.0,1.0,1.0,1.0,40.0,50
low_le_0.5__mid_le_10__KNeighborsClassifier__006,low_le_0.5__mid_le_10,0.5,10.0,KNeighborsClassifier,"{""model__n_neighbors"": 1}",ok,,LeaveOneConcentrationOut on standard concentration labels; boundary search uses standard set only,0.7,0.7333333333333334,0.7081930415263749,0.4117647058823529,0.7,0.5185185185185185,30.0,0.7692307692307693,0.5,0.6060606060606061,60.0,1.0,1.0,1.0,40.0,39
low_le_0.5__mid_le_10__KNeighborsClassifier__007,low_le_0.5__mid_le_10,0.5,10.0,KNeighborsClassifier,"{""model__n_neighbors"": 3}",ok,,LeaveOneConcentrationOut on standard concentration labels; boundary search uses standard set only,0.6846153846153846,0.7111111111111111,0.6916906880561474,0.3877551020408163,0.6333333333333333,0.4810126582278481,30.0,0.7317073170731707,0.5,0.594059405940594,60.0,1.0,1.0,1.0,40.0,41
low_le_0.5__mid_le_10__RandomForestClassifier__008,low_le_0.5__mid_le_10,0.5,10.0,RandomForestClassifier,"{""model__min_samples_leaf"": 1, ""model__n_estimators"": 160}",ok,,LeaveOneConcentrationOut on standard concentration labels; boundary search uses standard set only,0.8307692307692308,0.8694444444444445,0.8352775709439895,0.5918367346938775,0.9666666666666668,0.7341772151898734,30.0,0.9523809523809524,0.6666666666666666,0.7843137254901961,60.0,1.0,0.975,0.9873417721518988,40.0,22
low_le_0.5__mid_le_10__GradientBoostingClassifier__009,low_le_0.5__mid_le_10,0.5,10.0,GradientBoostingClassifier,"{""model__learning_rate"": 0.05, ""model__max_depth"": 2, ""model__n_estimators"": 100}",ok,,LeaveOneConcentrationOut on standard concentration labels; boundary search uses standard set only,0.7307692307692307,0.7222222222222222,0.7190635451505017,0.4285714285714285,0.5,0.4615384615384615,30.0,0.7272727272727273,0.6666666666666666,0.6956521739130435,60.0,1.0,1.0,1.0,40.0,35
low_le_0.5__mid_le_25__PLSDA__000,low_le_0.5__mid_le_25,0.5,25.0,PLSDA,"{""model__n_components"": 2}",ok,,LeaveOneConcentrationOut on standard concentration labels; boundary search uses standard set only,0.6153846153846154,0.5079365079365079,0.5019607843137255,0.0,0.0,0.0,30.0,0.6,0.8571428571428571,0.7058823529411765,70.0,1.0,0.6666666666666666,0.8,30.0,50
low_le_0.5__mid_le_25__PLSDA__001,low_le_0.5__mid_le_25,0.5,25.0,PLSDA,"{""model__n_components"": 5}",ok,,LeaveOneConcentrationOut on standard concentration labels; boundary search uses standard set only,0.5461538461538461,0.5285714285714286,0.520384040140879,0.5,0.6666666666666666,0.5714285714285714,30.0,0.5774647887323944,0.5857142857142857,0.5815602836879432,70.0,0.5263157894736842,0.3333333333333333,0.4081632653061224,30.0,59
low_le_0.5__mid_le_25__LogisticRegression__002,low_le_0.5__mid_le_25,0.5,25.0,LogisticRegression,"{""model__C"": 0.1}",ok,,LeaveOneConcentrationOut on standard concentration labels; boundary search uses standard set only,0.6153846153846154,0.5714285714285715,0.6,0.3333333333333333,0.3333333333333333,0.3333333333333333,30.0,0.625,0.7142857142857143,0.6666666666666666,70.0,1.0,0.6666666666666666,0.8,30.0,50
low_le_0.5__mid_le_25__LogisticRegression__003,low_le_0.5__mid_le_25,0.5,25.0,LogisticRegression,"{""model__C"": 1.0}",ok,,LeaveOneConcentrationOut on standard concentration labels; boundary search uses standard set only,0.7384615384615385,0.7492063492063492,0.7434930610107359,0.5652173913043478,0.8666666666666667,0.6842105263157895,30.0,0.78125,0.7142857142857143,0.746268656716418,70.0,1.0,0.6666666666666666,0.8,30.0,34
low_le_0.5__mid_le_25__SVC_RBF__004,low_le_0.5__mid_le_25,0.5,25.0,SVC_RBF,"{""model__C"": 1.0}",ok,,LeaveOneConcentrationOut on standard concentration labels; boundary search uses standard set only,0.5384615384615384,0.4603174603174603,0.4305555555555555,0.0,0.0,0.0,30.0,0.5555555555555556,0.7142857142857143,0.625,70.0,0.6666666666666666,0.6666666666666666,0.6666666666666666,30.0,60
low_le_0.5__mid_le_25__SVC_RBF__005,low_le_0.5__mid_le_25,0.5,25.0,SVC_RBF,"{""model__C"": 10.0}",ok,,LeaveOneConcentrationOut on standard concentration labels; boundary search uses standard set only,0.4615384615384615,0.4761904761904762,0.4713064713064712,0.25,0.3333333333333333,0.2857142857142857,30.0,0.5,0.4285714285714285,0.4615384615384615,70.0,0.6666666666666666,0.6666666666666666,0.6666666666666666,30.0,70
low_le_0.5__mid_le_25__KNeighborsClassifier__006,low_le_0.5__mid_le_25,0.5,25.0,KNeighborsClassifier,"{""model__n_neighbors"": 1}",ok,,LeaveOneConcentrationOut on standard concentration labels; boundary search uses standard set only,0.5461538461538461,0.5984126984126984,0.563128955285818,0.4117647058823529,0.7,0.5185185185185185,30.0,0.6122448979591837,0.4285714285714285,0.5042016806722689,70.0,0.6666666666666666,0.6666666666666666,0.6666666666666666,30.0,59
low_le_0.5__mid_le_25__KNeighborsClassifier__007,low_le_0.5__mid_le_25,0.5,25.0,KNeighborsClassifier,"{""model__n_neighbors"": 3}",ok,,LeaveOneConcentrationOut on standard concentration labels; boundary search uses standard set only,0.5307692307692308,0.5761904761904761,0.5478490311631853,0.3877551020408163,0.6333333333333333,0.4810126582278481,30.0,0.5882352941176471,0.4285714285714285,0.4958677685950413,70.0,0.6666666666666666,0.6666666666666666,0.6666666666666666,30.0,61
low_le_0.5__mid_le_25__RandomForestClassifier__008,low_le_0.5__mid_le_25,0.5,25.0,RandomForestClassifier,"{""model__min_samples_leaf"": 1, ""model__n_estimators"": 160}",ok,,LeaveOneConcentrationOut on standard concentration labels; boundary search uses standard set only,0.7,0.7507936507936508,0.7018840173693794,0.6,1.0,0.75,30.0,0.803921568627451,0.5857142857142857,0.6776859504132231,70.0,0.6896551724137931,0.6666666666666666,0.6779661016949152,30.0,39
low_le_0.5__mid_le_25__GradientBoostingClassifier__009,low_le_0.5__mid_le_25,0.5,25.0,GradientBoostingClassifier,"{""model__learning_rate"": 0.05, ""model__max_depth"": 2, ""model__n_estimators"": 100}",ok,,LeaveOneConcentrationOut on standard concentration labels; boundary search uses standard set only,0.6538461538461539,0.6904761904761904,0.6577777777777777,0.5555555555555556,0.8333333333333334,0.6666666666666666,30.0,0.7272727272727273,0.5714285714285714,0.64,70.0,0.6666666666666666,0.6666666666666666,0.6666666666666666,30.0,45
low_le_0.7__mid_le_5__PLSDA__000,low_le_0.7__mid_le_5,0.7,5.0,PLSDA,"{""model__n_components"": 2}",ok,,LeaveOneConcentrationOut on standard concentration labels; boundary search uses standard set only,0.7461538461538462,0.65,0.5692668371696504,0.7692307692307693,1.0,0.8695652173913043,40.0,0.0,0.0,0.0,30.0,0.75,0.95,0.8382352941176471,60.0,33
low_le_0.7__mid_le_5__PLSDA__001,low_le_0.7__mid_le_5,0.7,5.0,PLSDA,"{""model__n_components"": 5}",ok,,LeaveOneConcentrationOut on standard concentration labels; boundary search uses standard set only,0.3846153846153846,0.3611111111111111,0.3481481481481481,0.5,0.75,0.6,40.0,0.0,0.0,0.0,30.0,0.6666666666666666,0.3333333333333333,0.4444444444444444,60.0,80
low_le_0.7__mid_le_5__LogisticRegression__002,low_le_0.7__mid_le_5,0.7,5.0,LogisticRegression,"{""model__C"": 0.1}",ok,,LeaveOneConcentrationOut on standard concentration labels; boundary search uses standard set only,0.7692307692307693,0.75,0.7435064935064934,0.75,0.75,0.75,40.0,0.5,0.6666666666666666,0.5714285714285714,30.0,1.0,0.8333333333333334,0.9090909090909092,60.0,30
low_le_0.7__mid_le_5__LogisticRegression__003,low_le_0.7__mid_le_5,0.7,5.0,LogisticRegression,"{""model__C"": 1.0}",ok,,LeaveOneConcentrationOut on standard concentration labels; boundary search uses standard set only,0.7615384615384615,0.7388888888888889,0.7335187625042697,0.7317073170731707,0.75,0.7407407407407407,40.0,0.4871794871794871,0.6333333333333333,0.5507246376811594,30.0,1.0,0.8333333333333334,0.9090909090909092,60.0,31
low_le_0.7__mid_le_5__SVC_RBF__004,low_le_0.7__mid_le_5,0.7,5.0,SVC_RBF,"{""model__C"": 1.0}",ok,,LeaveOneConcentrationOut on standard concentration labels; boundary search uses standard set only,0.7538461538461538,0.7777777777777778,0.753717627401838,0.8888888888888888,0.8,0.8421052631578947,40.0,0.4814814814814814,0.8666666666666667,0.6190476190476191,30.0,1.0,0.6666666666666666,0.8,60.0,32
low_le_0.7__mid_le_5__SVC_RBF__005,low_le_0.7__mid_le_5,0.7,5.0,SVC_RBF,"{""model__C"": 10.0}",ok,,LeaveOneConcentrationOut on standard concentration labels; boundary search uses standard set only,0.6538461538461539,0.5805555555555556,0.5647770143541125,0.6078431372549019,0.775,0.6813186813186813,40.0,0.1739130434782608,0.1333333333333333,0.1509433962264151,30.0,0.8928571428571429,0.8333333333333334,0.8620689655172413,60.0,45
low_le_0.7__mid_le_5__KNeighborsClassifier__006,low_le_0.7__mid_le_5,0.7,5.0,KNeighborsClassifier,"{""model__n_neighbors"": 1}",ok,,LeaveOneConcentrationOut on standard concentration labels; boundary search uses standard set only,0.6307692307692307,0.5444444444444444,0.5096618357487923,0.6153846153846154,0.8,0.6956521739130435,40.0,0.0,0.0,0.0,30.0,0.8333333333333334,0.8333333333333334,0.8333333333333334,60.0,48
low_le_0.7__mid_le_5__KNeighborsClassifier__007,low_le_0.7__mid_le_5,0.7,5.0,KNeighborsClassifier,"{""model__n_neighbors"": 3}",ok,,LeaveOneConcentrationOut on standard concentration labels; boundary search uses standard set only,0.6230769230769231,0.538888888888889,0.5154061624649859,0.6,0.75,0.6666666666666666,40.0,0.0476190476190476,0.0333333333333333,0.0392156862745098,30.0,0.847457627118644,0.8333333333333334,0.8403361344537815,60.0,49
low_le_0.7__mid_le_5__RandomForestClassifier__008,low_le_0.7__mid_le_5,0.7,5.0,RandomForestClassifier,"{""model__min_samples_leaf"": 1, ""model__n_estimators"": 160}",ok,,LeaveOneConcentrationOut on standard concentration labels; boundary search uses standard set only,0.8538461538461538,0.8666666666666667,0.8476788476788477,1.0,0.8,0.8888888888888888,40.0,0.6170212765957447,0.9666666666666668,0.7532467532467533,30.0,0.9803921568627452,0.8333333333333334,0.9009009009009008,60.0,19
low_le_0.7__mid_le_5__GradientBoostingClassifier__009,low_le_0.7__mid_le_5,0.7,5.0,GradientBoostingClassifier,"{""model__learning_rate"": 0.05, ""model__max_depth"": 2, ""model__n_estimators"": 100}",ok,,LeaveOneConcentrationOut on standard concentration labels; boundary search uses standard set only,0.8461538461538461,0.8055555555555555,0.8055555555555555,0.75,0.75,0.75,40.0,0.6666666666666666,0.6666666666666666,0.6666666666666666,30.0,1.0,1.0,1.0,60.0,20
low_le_0.7__mid_le_7__PLSDA__000,low_le_0.7__mid_le_7,0.7,7.0,PLSDA,"{""model__n_components"": 2}",ok,,LeaveOneConcentrationOut on standard concentration labels; boundary search uses standard set only,0.6615384615384615,0.65,0.6311576393986786,0.6181818181818182,0.85,0.7157894736842105,40.0,0.4285714285714285,0.3,0.3529411764705882,40.0,0.851063829787234,0.8,0.8247422680412371,50.0,44
low_le_0.7__mid_le_7__PLSDA__001,low_le_0.7__mid_le_7,0.7,7.0,PLSDA,"{""model__n_components"": 5}",ok,,LeaveOneConcentrationOut on standard concentration labels; boundary search uses standard set only,0.6307692307692307,0.6333333333333334,0.6366930171277997,0.625,0.75,0.6818181818181818,40.0,0.4230769230769231,0.55,0.4782608695652174,40.0,1.0,0.6,0.75,50.0,48
low_le_0.7__mid_le_7__LogisticRegression__002,low_le_0.7__mid_le_7,0.7,7.0,LogisticRegression,"{""model__C"": 0.1}",ok,,LeaveOneConcentrationOut on standard concentration labels; boundary search uses standard set only,0.7615384615384615,0.7583333333333333,0.7604383409626855,0.7317073170731707,0.75,0.7407407407407407,40.0,0.5918367346938775,0.725,0.651685393258427,40.0,1.0,0.8,0.8888888888888888,50.0,31
low_le_0.7__mid_le_7__LogisticRegression__003,low_le_0.7__mid_le_7,0.7,7.0,LogisticRegression,"{""model__C"": 1.0}",ok,,LeaveOneConcentrationOut on standard concentration labels; boundary search uses standard set only,0.6923076923076923,0.6833333333333332,0.6851851851851851,0.6,0.75,0.6666666666666666,40.0,0.5,0.5,0.5,40.0,1.0,0.8,0.8888888888888888,50.0,40
low_le_0.7__mid_le_7__SVC_RBF__004,low_le_0.7__mid_le_7,0.7,7.0,SVC_RBF,"{""model__C"": 1.0}",ok,,LeaveOneConcentrationOut on standard concentration labels; boundary search uses standard set only,0.8307692307692308,0.8333333333333334,0.8323171996184314,0.8888888888888888,0.8,0.8421052631578947,40.0,0.6666666666666666,0.9,0.7659574468085106,40.0,1.0,0.8,0.8888888888888888,50.0,22
low_le_0.7__mid_le_7__SVC_RBF__005,low_le_0.7__mid_le_7,0.7,7.0,SVC_RBF,"{""model__C"": 10.0}",ok,,LeaveOneConcentrationOut on standard concentration labels; boundary search uses standard set only,0.7,0.6916666666666668,0.6921788947105402,0.6078431372549019,0.775,0.6813186813186813,40.0,0.5128205128205128,0.5,0.5063291139240507,40.0,1.0,0.8,0.8888888888888888,50.0,39
low_le_0.7__mid_le_7__KNeighborsClassifier__006,low_le_0.7__mid_le_7,0.7,7.0,KNeighborsClassifier,"{""model__n_neighbors"": 1}",ok,,LeaveOneConcentrationOut on standard concentration labels; boundary search uses standard set only,0.7076923076923077,0.7000000000000001,0.6991205252074817,0.6153846153846154,0.8,0.6956521739130435,40.0,0.5263157894736842,0.5,0.5128205128205128,40.0,1.0,0.8,0.8888888888888888,50.0,38
low_le_0.7__mid_le_7__KNeighborsClassifier__007,low_le_0.7__mid_le_7,0.7,7.0,KNeighborsClassifier,"{""model__n_neighbors"": 3}",ok,,LeaveOneConcentrationOut on standard concentration labels; boundary search uses standard set only,0.6923076923076923,0.6833333333333332,0.6851851851851851,0.6,0.75,0.6666666666666666,40.0,0.5,0.5,0.5,40.0,1.0,0.8,0.8888888888888888,50.0,40
low_le_0.7__mid_le_7__RandomForestClassifier__008,low_le_0.7__mid_le_7,0.7,7.0,RandomForestClassifier,"{""model__min_samples_leaf"": 1, ""model__n_estimators"": 160}",ok,,LeaveOneConcentrationOut on standard concentration labels; boundary search uses standard set only,0.8615384615384616,0.8666666666666667,0.8647014361300075,1.0,0.8,0.8888888888888888,40.0,0.6896551724137931,1.0,0.8163265306122449,40.0,1.0,0.8,0.8888888888888888,50.0,18
low_le_0.7__mid_le_7__GradientBoostingClassifier__009,low_le_0.7__mid_le_7,0.7,7.0,GradientBoostingClassifier,"{""model__learning_rate"": 0.05, ""model__max_depth"": 2, ""model__n_estimators"": 100}",ok,,LeaveOneConcentrationOut on standard concentration labels; boundary search uses standard set only,0.6923076923076923,0.6833333333333332,0.6833333333333332,0.75,0.75,0.75,40.0,0.5,0.5,0.5,40.0,0.8,0.8,0.8,50.0,40
low_le_0.7__mid_le_10__PLSDA__000,low_le_0.7__mid_le_10,0.7,10.0,PLSDA,"{""model__n_components"": 2}",ok,,LeaveOneConcentrationOut on standard concentration labels; boundary search uses standard set only,0.7846153846153846,0.7833333333333333,0.7927904675872156,0.7619047619047619,0.8,0.7804878048780488,40.0,0.6896551724137931,0.8,0.7407407407407407,50.0,1.0,0.75,0.8571428571428571,40.0,28
low_le_0.7__mid_le_10__PLSDA__001,low_le_0.7__mid_le_10,0.7,10.0,PLSDA,"{""model__n_components"": 5}",ok,,LeaveOneConcentrationOut on standard concentration labels; boundary search uses standard set only,0.6846153846153846,0.6916666666666668,0.7004352609173962,0.6,0.75,0.6666666666666666,40.0,0.5882352941176471,0.6,0.594059405940594,50.0,1.0,0.725,0.8405797101449275,40.0,41
low_le_0.7__mid_le_10__LogisticRegression__002,low_le_0.7__mid_le_10,0.7,10.0,LogisticRegression,"{""model__C"": 0.1}",ok,,LeaveOneConcentrationOut on standard concentration labels; boundary search uses standard set only,0.7692307692307693,0.7666666666666666,0.7781385281385281,0.75,0.75,0.75,40.0,0.6666666666666666,0.8,0.7272727272727273,50.0,1.0,0.75,0.8571428571428571,40.0,30
low_le_0.7__mid_le_10__LogisticRegression__003,low_le_0.7__mid_le_10,0.7,10.0,LogisticRegression,"{""model__C"": 1.0}",ok,,LeaveOneConcentrationOut on standard concentration labels; boundary search uses standard set only,0.7615384615384615,0.7600000000000001,0.7711599760529424,0.7317073170731707,0.75,0.7407407407407407,40.0,0.6610169491525424,0.78,0.7155963302752294,50.0,1.0,0.75,0.8571428571428571,40.0,31
low_le_0.7__mid_le_10__SVC_RBF__004,low_le_0.7__mid_le_10,0.7,10.0,SVC_RBF,"{""model__C"": 1.0}",ok,,LeaveOneConcentrationOut on standard concentration labels; boundary search uses standard set only,0.9076923076923076,0.9066666666666668,0.9089068825910932,0.8888888888888888,0.8,0.8421052631578947,40.0,0.8518518518518519,0.92,0.8846153846153846,50.0,1.0,1.0,1.0,40.0,12
low_le_0.7__mid_le_10__SVC_RBF__005,low_le_0.7__mid_le_10,0.7,10.0,SVC_RBF,"{""model__C"": 10.0}",ok,,LeaveOneConcentrationOut on standard concentration labels; boundary search uses standard set only,0.7769230769230769,0.7916666666666666,0.785158661563156,0.6078431372549019,0.775,0.6813186813186813,40.0,0.7692307692307693,0.6,0.6741573033707865,50.0,1.0,1.0,1.0,40.0,29
low_le_0.7__mid_le_10__KNeighborsClassifier__006,low_le_0.7__mid_le_10,0.7,10.0,KNeighborsClassifier,"{""model__n_neighbors"": 1}",ok,,LeaveOneConcentrationOut on standard concentration labels; boundary search uses standard set only,0.7846153846153846,0.7999999999999999,0.7924901185770751,0.6153846153846154,0.8,0.6956521739130435,40.0,0.7894736842105263,0.6,0.6818181818181818,50.0,1.0,1.0,1.0,40.0,28
low_le_0.7__mid_le_10__KNeighborsClassifier__007,low_le_0.7__mid_le_10,0.7,10.0,KNeighborsClassifier,"{""model__n_neighbors"": 3}",ok,,LeaveOneConcentrationOut on standard concentration labels; boundary search uses standard set only,0.7692307692307693,0.7833333333333333,0.7777777777777777,0.6,0.75,0.6666666666666666,40.0,0.75,0.6,0.6666666666666666,50.0,1.0,1.0,1.0,40.0,30
low_le_0.7__mid_le_10__RandomForestClassifier__008,low_le_0.7__mid_le_10,0.7,10.0,RandomForestClassifier,"{""model__min_samples_leaf"": 1, ""model__n_estimators"": 160}",ok,,LeaveOneConcentrationOut on standard concentration labels; boundary search uses standard set only,0.9153846153846154,0.9083333333333332,0.915128510065219,1.0,0.75,0.8571428571428571,40.0,0.819672131147541,1.0,0.9009009009009008,50.0,1.0,0.975,0.9873417721518988,40.0,11
low_le_0.7__mid_le_10__GradientBoostingClassifier__009,low_le_0.7__mid_le_10,0.7,10.0,GradientBoostingClassifier,"{""model__learning_rate"": 0.05, ""model__max_depth"": 2, ""model__n_estimators"": 100}",ok,,LeaveOneConcentrationOut on standard concentration labels; boundary search uses standard set only,0.9230769230769232,0.9166666666666666,0.922077922077922,1.0,0.75,0.8571428571428571,40.0,0.8333333333333334,1.0,0.9090909090909092,50.0,1.0,1.0,1.0,40.0,10
low_le_0.7__mid_le_25__PLSDA__000,low_le_0.7__mid_le_25,0.7,25.0,PLSDA,"{""model__n_components"": 2}",ok,,LeaveOneConcentrationOut on standard concentration labels; boundary search uses standard set only,0.7846153846153846,0.7666666666666667,0.7872459349593496,0.7619047619047619,0.8,0.7804878048780488,40.0,0.7352941176470589,0.8333333333333334,0.78125,60.0,1.0,0.6666666666666666,0.8,30.0,28
low_le_0.7__mid_le_25__PLSDA__001,low_le_0.7__mid_le_25,0.7,25.0,PLSDA,"{""model__n_components"": 5}",ok,,LeaveOneConcentrationOut on standard concentration labels; boundary search uses standard set only,0.5461538461538461,0.5333333333333333,0.529075542062555,0.6,0.75,0.6666666666666666,40.0,0.5081967213114754,0.5166666666666667,0.512396694214876,60.0,0.5263157894736842,0.3333333333333333,0.4081632653061224,30.0,59
low_le_0.7__mid_le_25__LogisticRegression__002,low_le_0.7__mid_le_25,0.7,25.0,LogisticRegression,"{""model__C"": 0.1}",ok,,LeaveOneConcentrationOut on standard concentration labels; boundary search uses standard set only,0.7692307692307693,0.75,0.773076923076923,0.75,0.75,0.75,40.0,0.7142857142857143,0.8333333333333334,0.7692307692307693,60.0,1.0,0.6666666666666666,0.8,30.0,30
low_le_0.7__mid_le_25__LogisticRegression__003,low_le_0.7__mid_le_25,0.7,25.0,LogisticRegression,"{""model__C"": 1.0}",ok,,LeaveOneConcentrationOut on standard concentration labels; boundary search uses standard set only,0.7615384615384615,0.7444444444444445,0.7668102210737869,0.7317073170731707,0.75,0.7407407407407407,40.0,0.7101449275362319,0.8166666666666667,0.7596899224806202,60.0,1.0,0.6666666666666666,0.8,30.0,31
low_le_0.7__mid_le_25__SVC_RBF__004,low_le_0.7__mid_le_25,0.7,25.0,SVC_RBF,"{""model__C"": 1.0}",ok,,LeaveOneConcentrationOut on standard concentration labels; boundary search uses standard set only,0.7538461538461538,0.7444444444444445,0.7502358045651764,0.8888888888888888,0.8,0.8421052631578947,40.0,0.71875,0.7666666666666667,0.7419354838709677,60.0,0.6666666666666666,0.6666666666666666,0.6666666666666666,30.0,32
low_le_0.7__mid_le_25__SVC_RBF__005,low_le_0.7__mid_le_25,0.7,25.0,SVC_RBF,"{""model__C"": 10.0}",ok,,LeaveOneConcentrationOut on standard concentration labels; boundary search uses standard set only,0.6230769230769231,0.6472222222222223,0.6328146878605594,0.6078431372549019,0.775,0.6813186813186813,40.0,0.6122448979591837,0.5,0.5504587155963303,60.0,0.6666666666666666,0.6666666666666666,0.6666666666666666,30.0,49
low_le_0.7__mid_le_25__KNeighborsClassifier__006,low_le_0.7__mid_le_25,0.7,25.0,KNeighborsClassifier,"{""model__n_neighbors"": 1}",ok,,LeaveOneConcentrationOut on standard concentration labels; boundary search uses standard set only,0.6307692307692307,0.6555555555555556,0.639291465378422,0.6153846153846154,0.8,0.6956521739130435,40.0,0.625,0.5,0.5555555555555556,60.0,0.6666666666666666,0.6666666666666666,0.6666666666666666,30.0,48
low_le_0.7__mid_le_25__KNeighborsClassifier__007,low_le_0.7__mid_le_25,0.7,25.0,KNeighborsClassifier,"{""model__n_neighbors"": 3}",ok,,LeaveOneConcentrationOut on standard concentration labels; boundary search uses standard set only,0.6153846153846154,0.6388888888888888,0.6262626262626262,0.6,0.75,0.6666666666666666,40.0,0.6,0.5,0.5454545454545454,60.0,0.6666666666666666,0.6666666666666666,0.6666666666666666,30.0,50
low_le_0.7__mid_le_25__RandomForestClassifier__008,low_le_0.7__mid_le_25,0.7,25.0,RandomForestClassifier,"{""model__min_samples_leaf"": 1, ""model__n_estimators"": 160}",ok,,LeaveOneConcentrationOut on standard concentration labels; boundary search uses standard set only,0.7923076923076923,0.7722222222222223,0.7858508883341363,1.0,0.8,0.8888888888888888,40.0,0.7391304347826086,0.85,0.7906976744186046,60.0,0.6896551724137931,0.6666666666666666,0.6779661016949152,30.0,27
low_le_0.7__mid_le_25__GradientBoostingClassifier__009,low_le_0.7__mid_le_25,0.7,25.0,GradientBoostingClassifier,"{""model__learning_rate"": 0.05, ""model__max_depth"": 2, ""model__n_estimators"": 100}",ok,,LeaveOneConcentrationOut on standard concentration labels; boundary search uses standard set only,0.7230769230769231,0.7166666666666667,0.7219392567440105,0.8333333333333334,0.75,0.7894736842105263,40.0,0.6875,0.7333333333333333,0.7096774193548387,60.0,0.6666666666666666,0.6666666666666666,0.6666666666666666,30.0,36
low_le_1__mid_le_7__PLSDA__000,low_le_1__mid_le_7,1.0,7.0,PLSDA,"{""model__n_components"": 2}",ok,,LeaveOneConcentrationOut on standard concentration labels; boundary search uses standard set only,0.7,0.6066666666666666,0.559228650137741,0.5774647887323944,0.82,0.6776859504132231,50.0,0.0,0.0,0.0,30.0,1.0,1.0,1.0,50.0,39
low_le_1__mid_le_7__PLSDA__001,low_le_1__mid_le_7,1.0,7.0,PLSDA,"{""model__n_components"": 5}",ok,,LeaveOneConcentrationOut on standard concentration labels; boundary search uses standard set only,0.7923076923076923,0.82,0.7715721418512355,0.8771929824561403,1.0,0.9345794392523364,50.0,0.6,1.0,0.75,30.0,1.0,0.46,0.6301369863013698,50.0,27
low_le_1__mid_le_7__LogisticRegression__002,low_le_1__mid_le_7,1.0,7.0,LogisticRegression,"{""model__C"": 0.1}",ok,,LeaveOneConcentrationOut on standard concentration labels; boundary search uses standard set only,0.7769230769230769,0.7622222222222222,0.7601600739784123,0.803921568627451,0.82,0.8118811881188119,50.0,0.5128205128205128,0.6666666666666666,0.5797101449275363,30.0,1.0,0.8,0.8888888888888888,50.0,29
low_le_1__mid_le_7__LogisticRegression__003,low_le_1__mid_le_7,1.0,7.0,LogisticRegression,"{""model__C"": 1.0}",ok,,LeaveOneConcentrationOut on standard concentration labels; boundary search uses standard set only,0.8461538461538461,0.8222222222222223,0.8215488215488215,0.8333333333333334,1.0,0.9090909090909092,50.0,0.6666666666666666,0.6666666666666666,0.6666666666666666,30.0,1.0,0.8,0.8888888888888888,50.0,20
low_le_1__mid_le_7__SVC_RBF__004,low_le_1__mid_le_7,1.0,7.0,SVC_RBF,"{""model__C"": 1.0}",ok,,LeaveOneConcentrationOut on standard concentration labels; boundary search uses standard set only,0.7692307692307693,0.7555555555555555,0.7534391534391535,0.8,0.8,0.8,50.0,0.5,0.6666666666666666,0.5714285714285714,30.0,1.0,0.8,0.8888888888888888,50.0,30
low_le_1__mid_le_7__SVC_RBF__005,low_le_1__mid_le_7,1.0,7.0,SVC_RBF,"{""model__C"": 10.0}",ok,,LeaveOneConcentrationOut on standard concentration labels; boundary search uses standard set only,0.9230769230769232,0.9333333333333332,0.9153439153439152,1.0,1.0,1.0,50.0,0.75,1.0,0.8571428571428571,30.0,1.0,0.8,0.8888888888888888,50.0,10
low_le_1__mid_le_7__KNeighborsClassifier__006,low_le_1__mid_le_7,1.0,7.0,KNeighborsClassifier,"{""model__n_neighbors"": 1}",ok,,LeaveOneConcentrationOut on standard concentration labels; boundary search uses standard set only,0.7923076923076923,0.7755555555555556,0.7736184235242343,0.8113207547169812,0.86,0.8349514563106796,50.0,0.5405405405405406,0.6666666666666666,0.5970149253731343,30.0,1.0,0.8,0.8888888888888888,50.0,27
low_le_1__mid_le_7__KNeighborsClassifier__007,low_le_1__mid_le_7,1.0,7.0,KNeighborsClassifier,"{""model__n_neighbors"": 3}",ok,,LeaveOneConcentrationOut on standard concentration labels; boundary search uses standard set only,0.7692307692307693,0.7555555555555555,0.7534391534391535,0.8,0.8,0.8,50.0,0.5,0.6666666666666666,0.5714285714285714,30.0,1.0,0.8,0.8888888888888888,50.0,30
low_le_1__mid_le_7__RandomForestClassifier__008,low_le_1__mid_le_7,1.0,7.0,RandomForestClassifier,"{""model__min_samples_leaf"": 1, ""model__n_estimators"": 160}",ok,,LeaveOneConcentrationOut on standard concentration labels; boundary search uses standard set only,0.7692307692307693,0.7555555555555555,0.7534391534391535,0.8,0.8,0.8,50.0,0.5,0.6666666666666666,0.5714285714285714,30.0,1.0,0.8,0.8888888888888888,50.0,30
low_le_1__mid_le_7__GradientBoostingClassifier__009,low_le_1__mid_le_7,1.0,7.0,GradientBoostingClassifier,"{""model__learning_rate"": 0.05, ""model__max_depth"": 2, ""model__n_estimators"": 100}",ok,,LeaveOneConcentrationOut on standard concentration labels; boundary search uses standard set only,0.7615384615384615,0.7000000000000001,0.6949062253164092,0.9803921568627452,1.0,0.99009900990099,50.0,0.4736842105263157,0.3,0.3673469387755102,30.0,0.6666666666666666,0.8,0.7272727272727273,50.0,31
low_le_1__mid_le_10__PLSDA__000,low_le_1__mid_le_10,1.0,10.0,PLSDA,"{""model__n_components"": 2}",ok,,LeaveOneConcentrationOut on standard concentration labels; boundary search uses standard set only,0.5384615384615384,0.5166666666666667,0.4722222222222221,0.5714285714285714,0.8,0.6666666666666666,50.0,0.0,0.0,0.0,40.0,0.75,0.75,0.75,40.0,60
low_le_1__mid_le_10__PLSDA__001,low_le_1__mid_le_10,1.0,10.0,PLSDA,"{""model__n_components"": 5}",ok,,LeaveOneConcentrationOut on standard concentration labels; boundary search uses standard set only,0.7692307692307693,0.75,0.7474747474747474,0.8333333333333334,1.0,0.9090909090909092,50.0,0.6,0.75,0.6666666666666666,40.0,1.0,0.5,0.6666666666666666,40.0,30
low_le_1__mid_le_10__LogisticRegression__002,low_le_1__mid_le_10,1.0,10.0,LogisticRegression,"{""model__C"": 0.1}",ok,,LeaveOneConcentrationOut on standard concentration labels; boundary search uses standard set only,0.7692307692307693,0.7666666666666666,0.7746031746031746,0.8,0.8,0.8,50.0,0.6,0.75,0.6666666666666666,40.0,1.0,0.75,0.8571428571428571,40.0,30
low_le_1__mid_le_10__LogisticRegression__003,low_le_1__mid_le_10,1.0,10.0,LogisticRegression,"{""model__C"": 1.0}",ok,,LeaveOneConcentrationOut on standard concentration labels; boundary search uses standard set only,0.7769230769230769,0.7733333333333333,0.7810604495441519,0.803921568627451,0.82,0.8118811881188119,50.0,0.6122448979591837,0.75,0.6741573033707865,40.0,1.0,0.75,0.8571428571428571,40.0,29
low_le_1__mid_le_10__SVC_RBF__004,low_le_1__mid_le_10,1.0,10.0,SVC_RBF,"{""model__C"": 1.0}",ok,,LeaveOneConcentrationOut on standard concentration labels; boundary search uses standard set only,0.8461538461538461,0.85,0.85,0.8,0.8,0.8,50.0,0.75,0.75,0.75,40.0,1.0,1.0,1.0,40.0,20
low_le_1__mid_le_10__SVC_RBF__005,low_le_1__mid_le_10,1.0,10.0,SVC_RBF,"{""model__C"": 10.0}",ok,,LeaveOneConcentrationOut on standard concentration labels; boundary search uses standard set only,1.0,1.0,1.0,1.0,1.0,1.0,50.0,1.0,1.0,1.0,40.0,1.0,1.0,1.0,40.0,0
low_le_1__mid_le_10__KNeighborsClassifier__006,low_le_1__mid_le_10,1.0,10.0,KNeighborsClassifier,"{""model__n_neighbors"": 1}",ok,,LeaveOneConcentrationOut on standard concentration labels; boundary search uses standard set only,0.8692307692307693,0.87,0.8713907451771529,0.8113207547169812,0.86,0.8349514563106796,50.0,0.8108108108108109,0.75,0.7792207792207793,40.0,1.0,1.0,1.0,40.0,17
low_le_1__mid_le_10__KNeighborsClassifier__007,low_le_1__mid_le_10,1.0,10.0,KNeighborsClassifier,"{""model__n_neighbors"": 3}",ok,,LeaveOneConcentrationOut on standard concentration labels; boundary search uses standard set only,0.8461538461538461,0.85,0.85,0.8,0.8,0.8,50.0,0.75,0.75,0.75,40.0,1.0,1.0,1.0,40.0,20
low_le_1__mid_le_10__RandomForestClassifier__008,low_le_1__mid_le_10,1.0,10.0,RandomForestClassifier,"{""model__min_samples_leaf"": 1, ""model__n_estimators"": 160}",ok,,LeaveOneConcentrationOut on standard concentration labels; boundary search uses standard set only,0.8461538461538461,0.85,0.85,0.8,0.8,0.8,50.0,0.75,0.75,0.75,40.0,1.0,1.0,1.0,40.0,20
low_le_1__mid_le_10__GradientBoostingClassifier__009,low_le_1__mid_le_10,1.0,10.0,GradientBoostingClassifier,"{""model__learning_rate"": 0.05, ""model__max_depth"": 2, ""model__n_estimators"": 100}",ok,,LeaveOneConcentrationOut on standard concentration labels; boundary search uses standard set only,0.8461538461538461,0.85,0.85,0.8,0.8,0.8,50.0,0.75,0.75,0.75,40.0,1.0,1.0,1.0,40.0,20
low_le_1__mid_le_25__PLSDA__000,low_le_1__mid_le_25,1.0,25.0,PLSDA,"{""model__n_components"": 2}",ok,,LeaveOneConcentrationOut on standard concentration labels; boundary search uses standard set only,0.6923076923076923,0.688888888888889,0.709090909090909,0.6666666666666666,0.8,0.7272727272727273,50.0,0.6,0.6,0.6,50.0,1.0,0.6666666666666666,0.8,30.0,40
low_le_1__mid_le_25__PLSDA__001,low_le_1__mid_le_25,1.0,25.0,PLSDA,"{""model__n_components"": 5}",ok,,LeaveOneConcentrationOut on standard concentration labels; boundary search uses standard set only,0.7692307692307693,0.7111111111111111,0.712121212121212,0.8333333333333334,1.0,0.9090909090909092,50.0,0.6666666666666666,0.8,0.7272727272727273,50.0,1.0,0.3333333333333333,0.5,30.0,30
low_le_1__mid_le_25__LogisticRegression__002,low_le_1__mid_le_25,1.0,25.0,LogisticRegression,"{""model__C"": 0.1}",ok,,LeaveOneConcentrationOut on standard concentration labels; boundary search uses standard set only,0.7692307692307693,0.7555555555555555,0.7757575757575758,0.8,0.8,0.8,50.0,0.6666666666666666,0.8,0.7272727272727273,50.0,1.0,0.6666666666666666,0.8,30.0,30
low_le_1__mid_le_25__LogisticRegression__003,low_le_1__mid_le_25,1.0,25.0,LogisticRegression,"{""model__C"": 1.0}",ok,,LeaveOneConcentrationOut on standard concentration labels; boundary search uses standard set only,0.7769230769230769,0.7622222222222222,0.7819420474157508,0.803921568627451,0.82,0.8118811881188119,50.0,0.6779661016949152,0.8,0.7339449541284404,50.0,1.0,0.6666666666666666,0.8,30.0,29
low_le_1__mid_le_25__SVC_RBF__004,low_le_1__mid_le_25,1.0,25.0,SVC_RBF,"{""model__C"": 1.0}",ok,,LeaveOneConcentrationOut on standard concentration labels; boundary search uses standard set only,0.6923076923076923,0.688888888888889,0.6888888888888888,0.8,0.8,0.8,50.0,0.6,0.6,0.6,50.0,0.6666666666666666,0.6666666666666666,0.6666666666666666,30.0,40
low_le_1__mid_le_25__SVC_RBF__005,low_le_1__mid_le_25,1.0,25.0,SVC_RBF,"{""model__C"": 10.0}",ok,,LeaveOneConcentrationOut on standard concentration labels; boundary search uses standard set only,0.8461538461538461,0.8222222222222223,0.8222222222222223,1.0,1.0,1.0,50.0,0.8,0.8,0.8,50.0,0.6666666666666666,0.6666666666666666,0.6666666666666666,30.0,20
low_le_1__mid_le_25__KNeighborsClassifier__006,low_le_1__mid_le_25,1.0,25.0,KNeighborsClassifier,"{""model__n_neighbors"": 1}",ok,,LeaveOneConcentrationOut on standard concentration labels; boundary search uses standard set only,0.7153846153846154,0.7088888888888888,0.7067249413360913,0.8113207547169812,0.86,0.8349514563106796,50.0,0.6382978723404256,0.6,0.6185567010309279,50.0,0.6666666666666666,0.6666666666666666,0.6666666666666666,30.0,37
low_le_1__mid_le_25__KNeighborsClassifier__007,low_le_1__mid_le_25,1.0,25.0,KNeighborsClassifier,"{""model__n_neighbors"": 3}",ok,,LeaveOneConcentrationOut on standard concentration labels; boundary search uses standard set only,0.6923076923076923,0.688888888888889,0.6888888888888888,0.8,0.8,0.8,50.0,0.6,0.6,0.6,50.0,0.6666666666666666,0.6666666666666666,0.6666666666666666,30.0,40
low_le_1__mid_le_25__RandomForestClassifier__008,low_le_1__mid_le_25,1.0,25.0,RandomForestClassifier,"{""model__min_samples_leaf"": 1, ""model__n_estimators"": 160}",ok,,LeaveOneConcentrationOut on standard concentration labels; boundary search uses standard set only,0.6923076923076923,0.688888888888889,0.6888888888888888,0.8,0.8,0.8,50.0,0.6,0.6,0.6,50.0,0.6666666666666666,0.6666666666666666,0.6666666666666666,30.0,40
low_le_1__mid_le_25__GradientBoostingClassifier__009,low_le_1__mid_le_25,1.0,25.0,GradientBoostingClassifier,"{""model__learning_rate"": 0.05, ""model__max_depth"": 2, ""model__n_estimators"": 100}",ok,,LeaveOneConcentrationOut on standard concentration labels; boundary search uses standard set only,0.6923076923076923,0.688888888888889,0.6888888888888888,0.8,0.8,0.8,50.0,0.6,0.6,0.6,50.0,0.6666666666666666,0.6666666666666666,0.6666666666666666,30.0,40
low_le_3__mid_le_10__PLSDA__000,low_le_3__mid_le_10,3.0,10.0,PLSDA,"{""model__n_components"": 2}",ok,,LeaveOneConcentrationOut on standard concentration labels; boundary search uses standard set only,0.6230769230769231,0.5333333333333333,0.5095419847328244,0.7183098591549296,0.85,0.7786259541984732,60.0,0.0,0.0,0.0,30.0,0.75,0.75,0.75,40.0,49
low_le_3__mid_le_10__PLSDA__001,low_le_3__mid_le_10,3.0,10.0,PLSDA,"{""model__n_components"": 5}",ok,,LeaveOneConcentrationOut on standard concentration labels; boundary search uses standard set only,0.9153846153846154,0.9083333333333332,0.8952167108933796,1.0,1.0,1.0,60.0,0.7317073170731707,1.0,0.8450704225352113,30.0,1.0,0.725,0.8405797101449275,40.0,11
low_le_3__mid_le_10__LogisticRegression__002,low_le_3__mid_le_10,3.0,10.0,LogisticRegression,"{""model__C"": 0.1}",ok,,LeaveOneConcentrationOut on standard concentration labels; boundary search uses standard set only,0.7692307692307693,0.75,0.753968253968254,0.8333333333333334,0.8333333333333334,0.8333333333333334,60.0,0.5,0.6666666666666666,0.5714285714285714,30.0,1.0,0.75,0.8571428571428571,40.0,30
low_le_3__mid_le_10__LogisticRegression__003,low_le_3__mid_le_10,3.0,10.0,LogisticRegression,"{""model__C"": 1.0}",ok,,LeaveOneConcentrationOut on standard concentration labels; boundary search uses standard set only,0.7692307692307693,0.75,0.753968253968254,0.8333333333333334,0.8333333333333334,0.8333333333333334,60.0,0.5,0.6666666666666666,0.5714285714285714,30.0,1.0,0.75,0.8571428571428571,40.0,30
low_le_3__mid_le_10__SVC_RBF__004,low_le_3__mid_le_10,3.0,10.0,SVC_RBF,"{""model__C"": 1.0}",ok,,LeaveOneConcentrationOut on standard concentration labels; boundary search uses standard set only,0.9230769230769232,0.8888888888888888,0.9076923076923076,0.8571428571428571,1.0,0.9230769230769232,60.0,1.0,0.6666666666666666,0.8,30.0,1.0,1.0,1.0,40.0,10
low_le_3__mid_le_10__SVC_RBF__005,low_le_3__mid_le_10,3.0,10.0,SVC_RBF,"{""model__C"": 10.0}",ok,,LeaveOneConcentrationOut on standard concentration labels; boundary search uses standard set only,0.8153846153846154,0.8444444444444444,0.8178137651821862,0.9090909090909092,0.6666666666666666,0.7692307692307693,60.0,0.5652173913043478,0.8666666666666667,0.6842105263157895,30.0,1.0,1.0,1.0,40.0,24
low_le_3__mid_le_10__KNeighborsClassifier__006,low_le_3__mid_le_10,3.0,10.0,KNeighborsClassifier,"{""model__n_neighbors"": 1}",ok,,LeaveOneConcentrationOut on standard concentration labels; boundary search uses standard set only,1.0,1.0,1.0,1.0,1.0,1.0,60.0,1.0,1.0,1.0,30.0,1.0,1.0,1.0,40.0,0
low_le_3__mid_le_10__KNeighborsClassifier__007,low_le_3__mid_le_10,3.0,10.0,KNeighborsClassifier,"{""model__n_neighbors"": 3}",ok,,LeaveOneConcentrationOut on standard concentration labels; boundary search uses standard set only,0.9923076923076924,0.9888888888888888,0.9915954615492368,0.9836065573770492,1.0,0.9917355371900828,60.0,1.0,0.9666666666666668,0.9830508474576272,30.0,1.0,1.0,1.0,40.0,1
low_le_3__mid_le_10__RandomForestClassifier__008,low_le_3__mid_le_10,3.0,10.0,RandomForestClassifier,"{""model__min_samples_leaf"": 1, ""model__n_estimators"": 160}",ok,,LeaveOneConcentrationOut on standard concentration labels; boundary search uses standard set only,0.9307692307692308,0.9,0.917920656634747,0.8695652173913043,1.0,0.9302325581395348,60.0,1.0,0.7,0.8235294117647058,30.0,1.0,1.0,1.0,40.0,9
low_le_3__mid_le_10__GradientBoostingClassifier__009,low_le_3__mid_le_10,3.0,10.0,GradientBoostingClassifier,"{""model__learning_rate"": 0.05, ""model__max_depth"": 2, ""model__n_estimators"": 100}",ok,,LeaveOneConcentrationOut on standard concentration labels; boundary search uses standard set only,0.8461538461538461,0.7777777777777778,0.7857142857142857,0.75,1.0,0.8571428571428571,60.0,1.0,0.3333333333333333,0.5,30.0,1.0,1.0,1.0,40.0,20
low_le_3__mid_le_25__PLSDA__000,low_le_3__mid_le_25,3.0,25.0,PLSDA,"{""model__n_components"": 2}",ok,,LeaveOneConcentrationOut on standard concentration labels; boundary search uses standard set only,0.7,0.6722222222222222,0.694985022707508,0.7183098591549296,0.85,0.7786259541984732,60.0,0.5128205128205128,0.5,0.5063291139240507,40.0,1.0,0.6666666666666666,0.8,30.0,39
low_le_3__mid_le_25__PLSDA__001,low_le_3__mid_le_25,3.0,25.0,PLSDA,"{""model__n_components"": 5}",ok,,LeaveOneConcentrationOut on standard concentration labels; boundary search uses standard set only,0.7769230769230769,0.7027777777777778,0.6964939822082679,1.0,1.0,1.0,60.0,0.6078431372549019,0.775,0.6813186813186813,40.0,0.5263157894736842,0.3333333333333333,0.4081632653061224,30.0,29
low_le_3__mid_le_25__LogisticRegression__002,low_le_3__mid_le_25,3.0,25.0,LogisticRegression,"{""model__C"": 0.1}",ok,,LeaveOneConcentrationOut on standard concentration labels; boundary search uses standard set only,0.7692307692307693,0.75,0.7666666666666666,0.8333333333333334,0.8333333333333334,0.8333333333333334,60.0,0.6,0.75,0.6666666666666666,40.0,1.0,0.6666666666666666,0.8,30.0,30
low_le_3__mid_le_25__LogisticRegression__003,low_le_3__mid_le_25,3.0,25.0,LogisticRegression,"{""model__C"": 1.0}",ok,,LeaveOneConcentrationOut on standard concentration labels; boundary search uses standard set only,0.7692307692307693,0.75,0.7666666666666666,0.8333333333333334,0.8333333333333334,0.8333333333333334,60.0,0.6,0.75,0.6666666666666666,40.0,1.0,0.6666666666666666,0.8,30.0,30
low_le_3__mid_le_25__SVC_RBF__004,low_le_3__mid_le_25,3.0,25.0,SVC_RBF,"{""model__C"": 1.0}",ok,,LeaveOneConcentrationOut on standard concentration labels; boundary search uses standard set only,0.7692307692307693,0.7222222222222222,0.7203907203907204,0.8571428571428571,1.0,0.9230769230769232,60.0,0.6666666666666666,0.5,0.5714285714285714,40.0,0.6666666666666666,0.6666666666666666,0.6666666666666666,30.0,30
low_le_3__mid_le_25__SVC_RBF__005,low_le_3__mid_le_25,3.0,25.0,SVC_RBF,"{""model__C"": 10.0}",ok,,LeaveOneConcentrationOut on standard concentration labels; boundary search uses standard set only,0.6615384615384615,0.6611111111111111,0.6591880341880342,0.9090909090909092,0.6666666666666666,0.7692307692307693,60.0,0.4642857142857143,0.65,0.5416666666666666,40.0,0.6666666666666666,0.6666666666666666,0.6666666666666666,30.0,44
low_le_3__mid_le_25__KNeighborsClassifier__006,low_le_3__mid_le_25,3.0,25.0,KNeighborsClassifier,"{""model__n_neighbors"": 1}",ok,,LeaveOneConcentrationOut on standard concentration labels; boundary search uses standard set only,0.8461538461538461,0.8055555555555555,0.8055555555555555,1.0,1.0,1.0,60.0,0.75,0.75,0.75,40.0,0.6666666666666666,0.6666666666666666,0.6666666666666666,30.0,20
low_le_3__mid_le_25__KNeighborsClassifier__007,low_le_3__mid_le_25,3.0,25.0,KNeighborsClassifier,"{""model__n_neighbors"": 3}",ok,,LeaveOneConcentrationOut on standard concentration labels; boundary search uses standard set only,0.8384615384615385,0.7972222222222222,0.7975264730155409,0.9836065573770492,1.0,0.9917355371900828,60.0,0.7435897435897436,0.725,0.7341772151898734,40.0,0.6666666666666666,0.6666666666666666,0.6666666666666666,30.0,21
low_le_3__mid_le_25__RandomForestClassifier__008,low_le_3__mid_le_25,3.0,25.0,RandomForestClassifier,"{""model__min_samples_leaf"": 1, ""model__n_estimators"": 160}",ok,,LeaveOneConcentrationOut on standard concentration labels; boundary search uses standard set only,0.7769230769230769,0.7305555555555555,0.7294828401936164,0.8695652173913043,1.0,0.9302325581395348,60.0,0.6774193548387096,0.525,0.5915492957746479,40.0,0.6666666666666666,0.6666666666666666,0.6666666666666666,30.0,29
low_le_3__mid_le_25__GradientBoostingClassifier__009,low_le_3__mid_le_25,3.0,25.0,GradientBoostingClassifier,"{""model__learning_rate"": 0.05, ""model__max_depth"": 2, ""model__n_estimators"": 100}",ok,,LeaveOneConcentrationOut on standard concentration labels; boundary search uses standard set only,0.7384615384615385,0.7000000000000001,0.6986986986986987,0.8484848484848485,0.9333333333333332,0.8888888888888888,60.0,0.5882352941176471,0.5,0.5405405405405406,40.0,0.6666666666666666,0.6666666666666666,0.6666666666666666,30.0,34
low_le_5__mid_le_25__PLSDA__000,low_le_5__mid_le_25,5.0,25.0,PLSDA,"{""model__n_components"": 2}",ok,,LeaveOneConcentrationOut on standard concentration labels; boundary search uses standard set only,0.7615384615384615,0.6555555555555556,0.6537219744409906,0.8641975308641975,1.0,0.9271523178807948,70.0,0.4736842105263157,0.3,0.3673469387755102,30.0,0.6666666666666666,0.6666666666666666,0.6666666666666666,30.0,31
low_le_5__mid_le_25__PLSDA__001,low_le_5__mid_le_25,5.0,25.0,PLSDA,"{""model__n_components"": 5}",ok,,LeaveOneConcentrationOut on standard concentration labels; boundary search uses standard set only,0.6230769230769231,0.5190476190476191,0.525055092459519,0.8571428571428571,0.8571428571428571,0.8571428571428571,70.0,0.2682926829268293,0.3666666666666666,0.3098591549295774,30.0,0.5263157894736842,0.3333333333333333,0.4081632653061224,30.0,49
low_le_5__mid_le_25__LogisticRegression__002,low_le_5__mid_le_25,5.0,25.0,LogisticRegression,"{""model__C"": 0.1}",ok,,LeaveOneConcentrationOut on standard concentration labels; boundary search uses standard set only,0.7923076923076923,0.6999999999999998,0.7085512523446983,0.875,1.0,0.9333333333333332,70.0,0.5652173913043478,0.4333333333333333,0.490566037735849,30.0,0.7407407407407407,0.6666666666666666,0.7017543859649122,30.0,27
low_le_5__mid_le_25__LogisticRegression__003,low_le_5__mid_le_25,5.0,25.0,LogisticRegression,"{""model__C"": 1.0}",ok,,LeaveOneConcentrationOut on standard concentration labels; boundary search uses standard set only,0.8384615384615385,0.7666666666666666,0.7872382851445662,0.875,1.0,0.9333333333333332,70.0,0.6551724137931034,0.6333333333333333,0.6440677966101694,30.0,0.9523809523809524,0.6666666666666666,0.7843137254901961,30.0,21
low_le_5__mid_le_25__SVC_RBF__004,low_le_5__mid_le_25,5.0,25.0,SVC_RBF,"{""model__C"": 1.0}",ok,,LeaveOneConcentrationOut on standard concentration labels; boundary search uses standard set only,0.6923076923076923,0.5555555555555555,0.5138888888888888,0.7777777777777778,1.0,0.875,70.0,0.0,0.0,0.0,30.0,0.6666666666666666,0.6666666666666666,0.6666666666666666,30.0,40
low_le_5__mid_le_25__SVC_RBF__005,low_le_5__mid_le_25,5.0,25.0,SVC_RBF,"{""model__C"": 10.0}",ok,,LeaveOneConcentrationOut on standard concentration labels; boundary search uses standard set only,0.7230769230769231,0.638095238095238,0.6375661375661376,0.8648648648648649,0.9142857142857144,0.8888888888888888,70.0,0.3846153846153846,0.3333333333333333,0.3571428571428571,30.0,0.6666666666666666,0.6666666666666666,0.6666666666666666,30.0,36
low_le_5__mid_le_25__KNeighborsClassifier__006,low_le_5__mid_le_25,5.0,25.0,KNeighborsClassifier,"{""model__n_neighbors"": 1}",ok,,LeaveOneConcentrationOut on standard concentration labels; boundary search uses standard set only,0.6923076923076923,0.619047619047619,0.6190476190476191,0.8571428571428571,0.8571428571428571,0.8571428571428571,70.0,0.3333333333333333,0.3333333333333333,0.3333333333333333,30.0,0.6666666666666666,0.6666666666666666,0.6666666666666666,30.0,40
low_le_5__mid_le_25__KNeighborsClassifier__007,low_le_5__mid_le_25,5.0,25.0,KNeighborsClassifier,"{""model__n_neighbors"": 3}",ok,,LeaveOneConcentrationOut on standard concentration labels; boundary search uses standard set only,0.7,0.6238095238095237,0.6236326481548263,0.8591549295774648,0.8714285714285714,0.8652482269503546,70.0,0.3448275862068966,0.3333333333333333,0.3389830508474576,30.0,0.6666666666666666,0.6666666666666666,0.6666666666666666,30.0,39
low_le_5__mid_le_25__RandomForestClassifier__008,low_le_5__mid_le_25,5.0,25.0,RandomForestClassifier,"{""model__min_samples_leaf"": 1, ""model__n_estimators"": 160}",ok,,LeaveOneConcentrationOut on standard concentration labels; boundary search uses standard set only,0.7615384615384615,0.6619047619047619,0.6616660086853533,0.8734177215189873,0.9857142857142858,0.9261744966442952,70.0,0.4761904761904761,0.3333333333333333,0.392156862745098,30.0,0.6666666666666666,0.6666666666666666,0.6666666666666666,30.0,31
low_le_5__mid_le_25__GradientBoostingClassifier__009,low_le_5__mid_le_25,5.0,25.0,GradientBoostingClassifier,"{""model__learning_rate"": 0.05, ""model__max_depth"": 2, ""model__n_estimators"": 100}",ok,,LeaveOneConcentrationOut on standard concentration labels; boundary search uses standard set only,0.7769230769230769,0.6777777777777777,0.6808906613492854,0.875,1.0,0.9333333333333332,70.0,0.5238095238095238,0.3666666666666666,0.4313725490196078,30.0,0.6896551724137931,0.6666666666666666,0.6779661016949152,30.0,29
