level,config_label,preprocessing,model_name,params_json,n_standard_spectra,n_concentration_groups,concentration_groups_mg_L,n_cv_test_concentration_groups,held_out_test_concentrations_mg_L,edge_concentrations_not_tested_mg_L,validation_design,selection_rule,fit_status,error_message,cv_rmse,cv_mae,cv_r2,cv_smape_percent,cv_mape_percent,cv_bias_mg_L,cv_median_abs_error_mg_L,cv_max_abs_error_mg_L,n_cv_test_spectra
Low,Low__sg_selected__PLSRegression__000,sg_selected,PLSRegression,"{""model__n_components"": 1}",50,5,"0.1, 0.3, 0.5, 0.7, 1",3,"0.3, 0.5, 0.7","0.1, 1",Middle-concentration-only LeaveOneConcentrationOut within the locked level; minimum and maximum concentrations are not held out as test folds,"lowest middle-heldout level-specific CV RMSE, then MAE and sMAPE; blind labels unused",ok,,0.4320185875254981,0.3748857991627972,-5.999002248782244,89.20813402013297,79.9003636009817,-0.1201830285831406,0.392075367622505,0.6521567807769492,30
Low,Low__sg_selected__PLSRegression__001,sg_selected,PLSRegression,"{""model__n_components"": 2}",50,5,"0.1, 0.3, 0.5, 0.7, 1",3,"0.3, 0.5, 0.7","0.1, 1",Middle-concentration-only LeaveOneConcentrationOut within the locked level; minimum and maximum concentrations are not held out as test folds,"lowest middle-heldout level-specific CV RMSE, then MAE and sMAPE; blind labels unused",ok,,0.2929666212084036,0.2565864248822777,-2.2186040428350613,65.80050580141493,47.56852599002162,-0.2196917682465403,0.3283554392102694,0.4143954745573428,30
Low,Low__sg_selected__PLSRegression__002,sg_selected,PLSRegression,"{""model__n_components"": 3}",50,5,"0.1, 0.3, 0.5, 0.7, 1",3,"0.3, 0.5, 0.7","0.1, 1",Middle-concentration-only LeaveOneConcentrationOut within the locked level; minimum and maximum concentrations are not held out as test folds,"lowest middle-heldout level-specific CV RMSE, then MAE and sMAPE; blind labels unused",ok,,0.2274300389026031,0.2049270089607634,-0.9396658473214848,52.34285622106882,46.80927140187204,-0.0841539987070646,0.1791473966693384,0.3607065702213349,30
Low,Low__sg_selected__PLSRegression__003,sg_selected,PLSRegression,"{""model__n_components"": 5}",50,5,"0.1, 0.3, 0.5, 0.7, 1",3,"0.3, 0.5, 0.7","0.1, 1",Middle-concentration-only LeaveOneConcentrationOut within the locked level; minimum and maximum concentrations are not held out as test folds,"lowest middle-heldout level-specific CV RMSE, then MAE and sMAPE; blind labels unused",ok,,0.342389341240715,0.2954100414030942,-3.396142287321906,80.00094144237472,75.63805453143651,0.0077427577720106,0.3882290858707944,0.4949316614289656,30
Low,Low__sg_selected__PCA_PLSRegression__004,sg_selected,PCA_PLSRegression,"{""model__pca__n_components"": 5, ""model__pls__n_components"": 1}",50,5,"0.1, 0.3, 0.5, 0.7, 1",3,"0.3, 0.5, 0.7","0.1, 1",Middle-concentration-only LeaveOneConcentrationOut within the locked level; minimum and maximum concentrations are not held out as test folds,"lowest middle-heldout level-specific CV RMSE, then MAE and sMAPE; blind labels unused",ok,,0.4513642521701466,0.444665441222181,-6.639863305141839,117.99594081032174,95.25157431291036,-0.1994876816984243,0.4428013404988175,0.5702357183519441,30
Low,Low__sg_selected__PCA_PLSRegression__005,sg_selected,PCA_PLSRegression,"{""model__pca__n_components"": 5, ""model__pls__n_components"": 2}",50,5,"0.1, 0.3, 0.5, 0.7, 1",3,"0.3, 0.5, 0.7","0.1, 1",Middle-concentration-only LeaveOneConcentrationOut within the locked level; minimum and maximum concentrations are not held out as test folds,"lowest middle-heldout level-specific CV RMSE, then MAE and sMAPE; blind labels unused",ok,,0.4513642521701467,0.444665441222181,-6.639863305141843,117.99594081032178,95.25157431291038,-0.1994876816984244,0.4428013404988176,0.5702357183519443,30
Low,Low__sg_selected__PCA_PLSRegression__006,sg_selected,PCA_PLSRegression,"{""model__pca__n_components"": 5, ""model__pls__n_components"": 3}",50,5,"0.1, 0.3, 0.5, 0.7, 1",3,"0.3, 0.5, 0.7","0.1, 1",Middle-concentration-only LeaveOneConcentrationOut within the locked level; minimum and maximum concentrations are not held out as test folds,"lowest middle-heldout level-specific CV RMSE, then MAE and sMAPE; blind labels unused",ok,,0.4513642521701465,0.4446654412221809,-6.639863305141835,117.9959408103217,95.25157431291034,-0.1994876816984242,0.4428013404988175,0.5702357183519438,30
Low,Low__sg_selected__PCA_PLSRegression__007,sg_selected,PCA_PLSRegression,"{""model__pca__n_components"": 10, ""model__pls__n_components"": 1}",50,5,"0.1, 0.3, 0.5, 0.7, 1",3,"0.3, 0.5, 0.7","0.1, 1",Middle-concentration-only LeaveOneConcentrationOut within the locked level; minimum and maximum concentrations are not held out as test folds,"lowest middle-heldout level-specific CV RMSE, then MAE and sMAPE; blind labels unused",ok,,0.2885328233572252,0.2827235667201479,-2.12191963079344,63.974552704647394,67.27158656408305,-0.0581452733389119,0.2856533457994626,0.3847573736638049,30
Low,Low__sg_selected__PCA_PLSRegression__008,sg_selected,PCA_PLSRegression,"{""model__pca__n_components"": 10, ""model__pls__n_components"": 2}",50,5,"0.1, 0.3, 0.5, 0.7, 1",3,"0.3, 0.5, 0.7","0.1, 1",Middle-concentration-only LeaveOneConcentrationOut within the locked level; minimum and maximum concentrations are not held out as test folds,"lowest middle-heldout level-specific CV RMSE, then MAE and sMAPE; blind labels unused",ok,,0.2885328233572256,0.2827235667201483,-2.121919630793448,63.97455270464752,67.27158656408314,-0.0581452733389122,0.285653345799463,0.3847573736638048,30
Low,Low__sg_selected__PCA_PLSRegression__009,sg_selected,PCA_PLSRegression,"{""model__pca__n_components"": 10, ""model__pls__n_components"": 3}",50,5,"0.1, 0.3, 0.5, 0.7, 1",3,"0.3, 0.5, 0.7","0.1, 1",Middle-concentration-only LeaveOneConcentrationOut within the locked level; minimum and maximum concentrations are not held out as test folds,"lowest middle-heldout level-specific CV RMSE, then MAE and sMAPE; blind labels unused",ok,,0.2885328233572256,0.2827235667201482,-2.1219196307934487,63.9745527046475,67.27158656408314,-0.0581452733389122,0.2856533457994632,0.3847573736638048,30
Low,Low__sg_selected__PCA_PLSRegression__010,sg_selected,PCA_PLSRegression,"{""model__pca__n_components"": 20, ""model__pls__n_components"": 1}",50,5,"0.1, 0.3, 0.5, 0.7, 1",3,"0.3, 0.5, 0.7","0.1, 1",Middle-concentration-only LeaveOneConcentrationOut within the locked level; minimum and maximum concentrations are not held out as test folds,"lowest middle-heldout level-specific CV RMSE, then MAE and sMAPE; blind labels unused",ok,,0.3799791457294704,0.3506638221261051,-4.414405669598679,68.22210883277339,86.88449095964522,-0.001079754099301,0.3395262179462359,0.5674024624287888,30
Low,Low__sg_selected__PCA_PLSRegression__011,sg_selected,PCA_PLSRegression,"{""model__pca__n_components"": 20, ""model__pls__n_components"": 2}",50,5,"0.1, 0.3, 0.5, 0.7, 1",3,"0.3, 0.5, 0.7","0.1, 1",Middle-concentration-only LeaveOneConcentrationOut within the locked level; minimum and maximum concentrations are not held out as test folds,"lowest middle-heldout level-specific CV RMSE, then MAE and sMAPE; blind labels unused",ok,,0.3799791457294716,0.350663822126106,-4.414405669598714,68.22210883277351,86.88449095964543,-0.0010797540993009,0.339526217946238,0.5674024624287903,30
Low,Low__sg_selected__PCA_PLSRegression__012,sg_selected,PCA_PLSRegression,"{""model__pca__n_components"": 20, ""model__pls__n_components"": 3}",50,5,"0.1, 0.3, 0.5, 0.7, 1",3,"0.3, 0.5, 0.7","0.1, 1",Middle-concentration-only LeaveOneConcentrationOut within the locked level; minimum and maximum concentrations are not held out as test folds,"lowest middle-heldout level-specific CV RMSE, then MAE and sMAPE; blind labels unused",ok,,0.3799791457294698,0.350663822126103,-4.414405669598661,68.22210883277276,86.88449095964485,-0.0010797540992984,0.3395262179462353,0.5674024624287892,30
Low,Low__sg_selected__Ridge__013,sg_selected,Ridge,"{""model__alpha"": 0.01}",50,5,"0.1, 0.3, 0.5, 0.7, 1",3,"0.3, 0.5, 0.7","0.1, 1",Middle-concentration-only LeaveOneConcentrationOut within the locked level; minimum and maximum concentrations are not held out as test folds,"lowest middle-heldout level-specific CV RMSE, then MAE and sMAPE; blind labels unused",ok,,0.4015143841800892,0.3768051180713148,-5.04551752638186,74.8267020836338,92.4042806008622,-0.0160865638253482,0.3640643295999167,0.5939083699389938,30
Low,Low__sg_selected__Ridge__014,sg_selected,Ridge,"{""model__alpha"": 0.1}",50,5,"0.1, 0.3, 0.5, 0.7, 1",3,"0.3, 0.5, 0.7","0.1, 1",Middle-concentration-only LeaveOneConcentrationOut within the locked level; minimum and maximum concentrations are not held out as test folds,"lowest middle-heldout level-specific CV RMSE, then MAE and sMAPE; blind labels unused",ok,,0.4015111442475275,0.3915645373892885,-5.045419960810957,83.93636639467869,92.4695269789624,-0.0664061925918599,0.3896767758847971,0.5490078863837617,30
Low,Low__sg_selected__Ridge__015,sg_selected,Ridge,"{""model__alpha"": 1.0}",50,5,"0.1, 0.3, 0.5, 0.7, 1",3,"0.3, 0.5, 0.7","0.1, 1",Middle-concentration-only LeaveOneConcentrationOut within the locked level; minimum and maximum concentrations are not held out as test folds,"lowest middle-heldout level-specific CV RMSE, then MAE and sMAPE; blind labels unused",ok,,0.3073680911888148,0.2803758551412955,-2.5428178805395847,69.9362400444505,70.15276971634005,-0.0382894896722041,0.3580810946343448,0.4300756887134712,30
Low,Low__sg_selected__Ridge__016,sg_selected,Ridge,"{""model__alpha"": 10.0}",50,5,"0.1, 0.3, 0.5, 0.7, 1",3,"0.3, 0.5, 0.7","0.1, 1",Middle-concentration-only LeaveOneConcentrationOut within the locked level; minimum and maximum concentrations are not held out as test folds,"lowest middle-heldout level-specific CV RMSE, then MAE and sMAPE; blind labels unused",ok,,0.2659465753486679,0.249117660225964,-1.6522842852381765,64.00397937413409,57.64352238208967,-0.08892430908637,0.2504027629210809,0.3845940963777387,30
Low,Low__sg_selected__Lasso__017,sg_selected,Lasso,"{""model__alpha"": 0.001}",50,5,"0.1, 0.3, 0.5, 0.7, 1",3,"0.3, 0.5, 0.7","0.1, 1",Middle-concentration-only LeaveOneConcentrationOut within the locked level; minimum and maximum concentrations are not held out as test folds,"lowest middle-heldout level-specific CV RMSE, then MAE and sMAPE; blind labels unused",ok,,0.5457290408215261,0.5389747542636962,-10.168256974849358,132.53333740691914,124.57051980483284,-0.1291211157698148,0.5404468765538282,0.6925883811038116,30
Low,Low__sg_selected__Lasso__018,sg_selected,Lasso,"{""model__alpha"": 0.01}",50,5,"0.1, 0.3, 0.5, 0.7, 1",3,"0.3, 0.5, 0.7","0.1, 1",Middle-concentration-only LeaveOneConcentrationOut within the locked level; minimum and maximum concentrations are not held out as test folds,"lowest middle-heldout level-specific CV RMSE, then MAE and sMAPE; blind labels unused",ok,,0.3403334264413973,0.3264490062327711,-3.3435065432503244,80.0970504704897,67.62606791636493,-0.1720978843480335,0.351484899482091,0.4684323696819019,30
Low,Low__sg_selected__Lasso__019,sg_selected,Lasso,"{""model__alpha"": 0.1}",50,5,"0.1, 0.3, 0.5, 0.7, 1",3,"0.3, 0.5, 0.7","0.1, 1",Middle-concentration-only LeaveOneConcentrationOut within the locked level; minimum and maximum concentrations are not held out as test folds,"lowest middle-heldout level-specific CV RMSE, then MAE and sMAPE; blind labels unused",ok,,0.2240700001518771,0.1964901564313741,-0.8827761863023336,42.62145852781244,37.7256776701328,-0.1237950917195016,0.1578499198484277,0.3571299396380376,30
Low,Low__sg_selected__ElasticNet__020,sg_selected,ElasticNet,"{""model__alpha"": 0.001, ""model__l1_ratio"": 0.5}",50,5,"0.1, 0.3, 0.5, 0.7, 1",3,"0.3, 0.5, 0.7","0.1, 1",Middle-concentration-only LeaveOneConcentrationOut within the locked level; minimum and maximum concentrations are not held out as test folds,"lowest middle-heldout level-specific CV RMSE, then MAE and sMAPE; blind labels unused",ok,,0.4803932285006947,0.4728882132670404,-7.654162024599529,108.09718347134032,110.547432805833,-0.0980668943613851,0.4641322997364943,0.6331582845017825,30
Low,Low__sg_selected__ElasticNet__021,sg_selected,ElasticNet,"{""model__alpha"": 0.01, ""model__l1_ratio"": 0.5}",50,5,"0.1, 0.3, 0.5, 0.7, 1",3,"0.3, 0.5, 0.7","0.1, 1",Middle-concentration-only LeaveOneConcentrationOut within the locked level; minimum and maximum concentrations are not held out as test folds,"lowest middle-heldout level-specific CV RMSE, then MAE and sMAPE; blind labels unused",ok,,0.4686115379597468,0.4528352778563934,-7.234879006587471,118.16498577525688,95.76534905311696,-0.2038932659771491,0.4344337060431113,0.6593854136577435,30
Low,Low__sg_selected__ElasticNet__022,sg_selected,ElasticNet,"{""model__alpha"": 0.1, ""model__l1_ratio"": 0.5}",50,5,"0.1, 0.3, 0.5, 0.7, 1",3,"0.3, 0.5, 0.7","0.1, 1",Middle-concentration-only LeaveOneConcentrationOut within the locked level; minimum and maximum concentrations are not held out as test folds,"lowest middle-heldout level-specific CV RMSE, then MAE and sMAPE; blind labels unused",ok,,0.2291445504793563,0.2001216570304013,-0.969020938039486,44.01789912039152,37.425231561160814,-0.1442574439641957,0.1820588581081046,0.3524194656127525,30
Low,Low__sg_selected__SVR_RBF__023,sg_selected,SVR_RBF,"{""model__C"": 1.0, ""model__epsilon"": 0.05, ""model__gamma"": ""scale""}",50,5,"0.1, 0.3, 0.5, 0.7, 1",3,"0.3, 0.5, 0.7","0.1, 1",Middle-concentration-only LeaveOneConcentrationOut within the locked level; minimum and maximum concentrations are not held out as test folds,"lowest middle-heldout level-specific CV RMSE, then MAE and sMAPE; blind labels unused",ok,,0.3453864511161639,0.335111312192238,-3.4734425230481856,73.8143470468749,80.70288773033279,-0.0509151458981547,0.3355252467873862,0.5119485185153461,30
Low,Low__sg_selected__SVR_RBF__024,sg_selected,SVR_RBF,"{""model__C"": 1.0, ""model__epsilon"": 0.1, ""model__gamma"": ""scale""}",50,5,"0.1, 0.3, 0.5, 0.7, 1",3,"0.3, 0.5, 0.7","0.1, 1",Middle-concentration-only LeaveOneConcentrationOut within the locked level; minimum and maximum concentrations are not held out as test folds,"lowest middle-heldout level-specific CV RMSE, then MAE and sMAPE; blind labels unused",ok,,0.2936052024369865,0.2854691776291876,-2.232650558677394,63.85110794593255,68.06971092670406,-0.0539999663536221,0.2952826449858008,0.414178826019263,30
Low,Low__sg_selected__SVR_RBF__025,sg_selected,SVR_RBF,"{""model__C"": 1.0, ""model__epsilon"": 0.5, ""model__gamma"": ""scale""}",50,5,"0.1, 0.3, 0.5, 0.7, 1",3,"0.3, 0.5, 0.7","0.1, 1",Middle-concentration-only LeaveOneConcentrationOut within the locked level; minimum and maximum concentrations are not held out as test folds,"lowest middle-heldout level-specific CV RMSE, then MAE and sMAPE; blind labels unused",ok,,0.1707825127659933,0.15,-0.09375,30.78244631185808,38.253968253968246,0.05,0.1499999999999999,0.25,30
Low,Low__sg_selected__SVR_RBF__026,sg_selected,SVR_RBF,"{""model__C"": 10.0, ""model__epsilon"": 0.05, ""model__gamma"": ""scale""}",50,5,"0.1, 0.3, 0.5, 0.7, 1",3,"0.3, 0.5, 0.7","0.1, 1",Middle-concentration-only LeaveOneConcentrationOut within the locked level; minimum and maximum concentrations are not held out as test folds,"lowest middle-heldout level-specific CV RMSE, then MAE and sMAPE; blind labels unused",ok,,0.2913416731191921,0.2843075239482479,-2.182998893595882,65.99831207682354,66.05066111518538,-0.0777323858950626,0.2745439815637721,0.4310381222409582,30
Low,Low__sg_selected__SVR_RBF__027,sg_selected,SVR_RBF,"{""model__C"": 10.0, ""model__epsilon"": 0.1, ""model__gamma"": ""scale""}",50,5,"0.1, 0.3, 0.5, 0.7, 1",3,"0.3, 0.5, 0.7","0.1, 1",Middle-concentration-only LeaveOneConcentrationOut within the locked level; minimum and maximum concentrations are not held out as test folds,"lowest middle-heldout level-specific CV RMSE, then MAE and sMAPE; blind labels unused",ok,,0.2892808658253866,0.2807170230356117,-2.1381282249757,63.02015577282387,66.96435765889618,-0.0537257891816653,0.2873199567889272,0.4201490884348981,30
Low,Low__sg_selected__SVR_RBF__028,sg_selected,SVR_RBF,"{""model__C"": 10.0, ""model__epsilon"": 0.5, ""model__gamma"": ""scale""}",50,5,"0.1, 0.3, 0.5, 0.7, 1",3,"0.3, 0.5, 0.7","0.1, 1",Middle-concentration-only LeaveOneConcentrationOut within the locked level; minimum and maximum concentrations are not held out as test folds,"lowest middle-heldout level-specific CV RMSE, then MAE and sMAPE; blind labels unused",ok,,0.1707825127659933,0.15,-0.09375,30.78244631185808,38.253968253968246,0.05,0.1499999999999999,0.25,30
Low,Low__sg_selected__SVR_RBF__029,sg_selected,SVR_RBF,"{""model__C"": 100.0, ""model__epsilon"": 0.05, ""model__gamma"": ""scale""}",50,5,"0.1, 0.3, 0.5, 0.7, 1",3,"0.3, 0.5, 0.7","0.1, 1",Middle-concentration-only LeaveOneConcentrationOut within the locked level; minimum and maximum concentrations are not held out as test folds,"lowest middle-heldout level-specific CV RMSE, then MAE and sMAPE; blind labels unused",ok,,0.2794736235688762,0.2702594137747375,-1.9289564851519216,63.346534791217614,63.15160834246306,-0.0730521645748709,0.2613246862762929,0.4281576884961106,30
Low,Low__sg_selected__SVR_RBF__030,sg_selected,SVR_RBF,"{""model__C"": 100.0, ""model__epsilon"": 0.1, ""model__gamma"": ""scale""}",50,5,"0.1, 0.3, 0.5, 0.7, 1",3,"0.3, 0.5, 0.7","0.1, 1",Middle-concentration-only LeaveOneConcentrationOut within the locked level; minimum and maximum concentrations are not held out as test folds,"lowest middle-heldout level-specific CV RMSE, then MAE and sMAPE; blind labels unused",ok,,0.2892808658253866,0.2807170230356117,-2.1381282249757,63.02015577282387,66.96435765889618,-0.0537257891816653,0.2873199567889272,0.4201490884348981,30
Low,Low__sg_selected__SVR_RBF__031,sg_selected,SVR_RBF,"{""model__C"": 100.0, ""model__epsilon"": 0.5, ""model__gamma"": ""scale""}",50,5,"0.1, 0.3, 0.5, 0.7, 1",3,"0.3, 0.5, 0.7","0.1, 1",Middle-concentration-only LeaveOneConcentrationOut within the locked level; minimum and maximum concentrations are not held out as test folds,"lowest middle-heldout level-specific CV RMSE, then MAE and sMAPE; blind labels unused",ok,,0.1707825127659933,0.15,-0.09375,30.78244631185808,38.253968253968246,0.05,0.1499999999999999,0.25,30
Low,Low__sg_selected__RandomForestRegressor__032,sg_selected,RandomForestRegressor,"{""model__max_features"": ""sqrt"", ""model__min_samples_leaf"": 1, ""model__n_estimators"": 160}",50,5,"0.1, 0.3, 0.5, 0.7, 1",3,"0.3, 0.5, 0.7","0.1, 1",Middle-concentration-only LeaveOneConcentrationOut within the locked level; minimum and maximum concentrations are not held out as test folds,"lowest middle-heldout level-specific CV RMSE, then MAE and sMAPE; blind labels unused",ok,,0.2971226817677055,0.283770833333333,-2.3105708007812447,72.15185092043411,60.264880952380885,-0.1585208333333332,0.2990624999999997,0.3900000000000001,30
Low,Low__sg_selected__RandomForestRegressor__033,sg_selected,RandomForestRegressor,"{""model__max_features"": ""sqrt"", ""model__min_samples_leaf"": 3, ""model__n_estimators"": 160}",50,5,"0.1, 0.3, 0.5, 0.7, 1",3,"0.3, 0.5, 0.7","0.1, 1",Middle-concentration-only LeaveOneConcentrationOut within the locked level; minimum and maximum concentrations are not held out as test folds,"lowest middle-heldout level-specific CV RMSE, then MAE and sMAPE; blind labels unused",ok,,0.2896275033450324,0.2770887896825394,-2.145653401020378,69.47219790264396,58.53044312169303,-0.1572695767195765,0.299270833333333,0.3764434523809523,30
Low,Low__sg_selected__RandomForestRegressor__034,sg_selected,RandomForestRegressor,"{""model__max_features"": 0.5, ""model__min_samples_leaf"": 1, ""model__n_estimators"": 160}",50,5,"0.1, 0.3, 0.5, 0.7, 1",3,"0.3, 0.5, 0.7","0.1, 1",Middle-concentration-only LeaveOneConcentrationOut within the locked level; minimum and maximum concentrations are not held out as test folds,"lowest middle-heldout level-specific CV RMSE, then MAE and sMAPE; blind labels unused",ok,,0.3175439192064616,0.2866666666666663,-2.781280273437494,79.63920749704066,54.3904761904761,-0.2866666666666663,0.3712499999999997,0.3981249999999994,30
Low,Low__sg_selected__RandomForestRegressor__035,sg_selected,RandomForestRegressor,"{""model__max_features"": 0.5, ""model__min_samples_leaf"": 3, ""model__n_estimators"": 160}",50,5,"0.1, 0.3, 0.5, 0.7, 1",3,"0.3, 0.5, 0.7","0.1, 1",Middle-concentration-only LeaveOneConcentrationOut within the locked level; minimum and maximum concentrations are not held out as test folds,"lowest middle-heldout level-specific CV RMSE, then MAE and sMAPE; blind labels unused",ok,,0.3154321768563472,0.2861019841269837,-2.731154682362522,79.29536640018974,54.49513227513217,-0.2861019841269837,0.3695863095238092,0.3981249999999994,30
Low,Low__sg_selected__RandomForestRegressor__036,sg_selected,RandomForestRegressor,"{""model__max_features"": 1.0, ""model__min_samples_leaf"": 1, ""model__n_estimators"": 160}",50,5,"0.1, 0.3, 0.5, 0.7, 1",3,"0.3, 0.5, 0.7","0.1, 1",Middle-concentration-only LeaveOneConcentrationOut within the locked level; minimum and maximum concentrations are not held out as test folds,"lowest middle-heldout level-specific CV RMSE, then MAE and sMAPE; blind labels unused",ok,,0.3256527099534101,0.287083333333333,-2.976863281249995,78.99527847463827,53.09285714285706,-0.287083333333333,0.3831249999999999,0.4156249999999994,30
Low,Low__sg_selected__RandomForestRegressor__037,sg_selected,RandomForestRegressor,"{""model__max_features"": 1.0, ""model__min_samples_leaf"": 3, ""model__n_estimators"": 160}",50,5,"0.1, 0.3, 0.5, 0.7, 1",3,"0.3, 0.5, 0.7","0.1, 1",Middle-concentration-only LeaveOneConcentrationOut within the locked level; minimum and maximum concentrations are not held out as test folds,"lowest middle-heldout level-specific CV RMSE, then MAE and sMAPE; blind labels unused",ok,,0.3265166358453978,0.2885124999999996,-2.997991755642356,79.8335054985026,53.54146825396817,-0.2885124999999996,0.385625,0.4156249999999994,30
Low,Low__sg_selected__GradientBoostingRegressor__038,sg_selected,GradientBoostingRegressor,"{""model__learning_rate"": 0.05, ""model__max_depth"": 2, ""model__n_estimators"": 120}",50,5,"0.1, 0.3, 0.5, 0.7, 1",3,"0.3, 0.5, 0.7","0.1, 1",Middle-concentration-only LeaveOneConcentrationOut within the locked level; minimum and maximum concentrations are not held out as test folds,"lowest middle-heldout level-specific CV RMSE, then MAE and sMAPE; blind labels unused",ok,,0.3493041042057961,0.3204076776185265,-3.5755008955630148,92.2620613497208,61.359724091637744,-0.3204076776185265,0.3984632983768094,0.4621203321177627,30
Low,Low__sg_selected__GradientBoostingRegressor__039,sg_selected,GradientBoostingRegressor,"{""model__learning_rate"": 0.1, ""model__max_depth"": 2, ""model__n_estimators"": 120}",50,5,"0.1, 0.3, 0.5, 0.7, 1",3,"0.3, 0.5, 0.7","0.1, 1",Middle-concentration-only LeaveOneConcentrationOut within the locked level; minimum and maximum concentrations are not held out as test folds,"lowest middle-heldout level-specific CV RMSE, then MAE and sMAPE; blind labels unused",ok,,0.3333361182722115,0.3077702122885393,-3.166736290429468,88.65410281202405,59.66427768693106,-0.3077702122885393,0.3864023426108359,0.4223022860892715,30
Mid,Mid__sg_selected__PLSRegression__000,sg_selected,PLSRegression,"{""model__n_components"": 1}",40,4,"3, 5, 7, 10",2,"5, 7","3, 10",Middle-concentration-only LeaveOneConcentrationOut within the locked level; minimum and maximum concentrations are not held out as test folds,"lowest middle-heldout level-specific CV RMSE, then MAE and sMAPE; blind labels unused",ok,,2.025276832767413,1.6566959002190031,-3.101746249344407,30.09731711154645,25.28047163560615,-1.0920103288518674,1.4215750069660182,3.624734692028002,20
Mid,Mid__sg_selected__PLSRegression__001,sg_selected,PLSRegression,"{""model__n_components"": 2}",40,4,"3, 5, 7, 10",2,"5, 7","3, 10",Middle-concentration-only LeaveOneConcentrationOut within the locked level; minimum and maximum concentrations are not held out as test folds,"lowest middle-heldout level-specific CV RMSE, then MAE and sMAPE; blind labels unused",ok,,0.9914437032447307,0.8681697687788439,0.017039383296374,14.83465175128584,13.628928695337706,-0.8681697687788439,0.7815661977405144,1.6857450286255116,20
Mid,Mid__sg_selected__PLSRegression__002,sg_selected,PLSRegression,"{""model__n_components"": 3}",40,4,"3, 5, 7, 10",2,"5, 7","3, 10",Middle-concentration-only LeaveOneConcentrationOut within the locked level; minimum and maximum concentrations are not held out as test folds,"lowest middle-heldout level-specific CV RMSE, then MAE and sMAPE; blind labels unused",ok,,0.5522171867358356,0.4827264099902196,0.6950561786735593,7.324162834377643,7.538225952416565,0.2579793765955195,0.4714297467297696,0.8699449765634775,20
Mid,Mid__sg_selected__PLSRegression__003,sg_selected,PLSRegression,"{""model__n_components"": 5}",40,4,"3, 5, 7, 10",2,"5, 7","3, 10",Middle-concentration-only LeaveOneConcentrationOut within the locked level; minimum and maximum concentrations are not held out as test folds,"lowest middle-heldout level-specific CV RMSE, then MAE and sMAPE; blind labels unused",ok,,0.3169473804897449,0.2791505638773369,0.8995443580006889,5.359985343089196,5.182339451425696,-0.1725978158733103,0.2969707757272313,0.4903812086647789,20
Mid,Mid__sg_selected__PCA_PLSRegression__004,sg_selected,PCA_PLSRegression,"{""model__pca__n_components"": 5, ""model__pls__n_components"": 1}",40,4,"3, 5, 7, 10",2,"5, 7","3, 10",Middle-concentration-only LeaveOneConcentrationOut within the locked level; minimum and maximum concentrations are not held out as test folds,"lowest middle-heldout level-specific CV RMSE, then MAE and sMAPE; blind labels unused",ok,,0.3875064421295083,0.3651380869372732,0.8498387573081301,6.666074712450519,6.500368196757603,-0.084300347241522,0.4016917944836167,0.5117606418878324,20
Mid,Mid__sg_selected__PCA_PLSRegression__005,sg_selected,PCA_PLSRegression,"{""model__pca__n_components"": 5, ""model__pls__n_components"": 2}",40,4,"3, 5, 7, 10",2,"5, 7","3, 10",Middle-concentration-only LeaveOneConcentrationOut within the locked level; minimum and maximum concentrations are not held out as test folds,"lowest middle-heldout level-specific CV RMSE, then MAE and sMAPE; blind labels unused",ok,,0.3875064421295086,0.3651380869372739,0.8498387573081299,6.666074712450529,6.500368196757614,-0.0843003472415207,0.4016917944836171,0.5117606418878324,20
Mid,Mid__sg_selected__PCA_PLSRegression__006,sg_selected,PCA_PLSRegression,"{""model__pca__n_components"": 5, ""model__pls__n_components"": 3}",40,4,"3, 5, 7, 10",2,"5, 7","3, 10",Middle-concentration-only LeaveOneConcentrationOut within the locked level; minimum and maximum concentrations are not held out as test folds,"lowest middle-heldout level-specific CV RMSE, then MAE and sMAPE; blind labels unused",ok,,0.3875064421295114,0.3651380869372783,0.8498387573081276,6.666074712450586,6.500368196757673,-0.0843003472415156,0.4016917944836207,0.5117606418878324,20
Mid,Mid__sg_selected__PCA_PLSRegression__007,sg_selected,PCA_PLSRegression,"{""model__pca__n_components"": 10, ""model__pls__n_components"": 1}",40,4,"3, 5, 7, 10",2,"5, 7","3, 10",Middle-concentration-only LeaveOneConcentrationOut within the locked level; minimum and maximum concentrations are not held out as test folds,"lowest middle-heldout level-specific CV RMSE, then MAE and sMAPE; blind labels unused",ok,,0.3665427964216441,0.3586738430318372,0.8656463783914011,6.317313314672749,6.221005125390174,-0.0253087356955369,0.3819358980938516,0.4556940798786009,20
Mid,Mid__sg_selected__PCA_PLSRegression__008,sg_selected,PCA_PLSRegression,"{""model__pca__n_components"": 10, ""model__pls__n_components"": 2}",40,4,"3, 5, 7, 10",2,"5, 7","3, 10",Middle-concentration-only LeaveOneConcentrationOut within the locked level; minimum and maximum concentrations are not held out as test folds,"lowest middle-heldout level-specific CV RMSE, then MAE and sMAPE; blind labels unused",ok,,0.3665427964216451,0.3586738430318382,0.8656463783914004,6.317313314672767,6.221005125390187,-0.0253087356955368,0.381935898093853,0.4556940798786018,20
Mid,Mid__sg_selected__PCA_PLSRegression__009,sg_selected,PCA_PLSRegression,"{""model__pca__n_components"": 10, ""model__pls__n_components"": 3}",40,4,"3, 5, 7, 10",2,"5, 7","3, 10",Middle-concentration-only LeaveOneConcentrationOut within the locked level; minimum and maximum concentrations are not held out as test folds,"lowest middle-heldout level-specific CV RMSE, then MAE and sMAPE; blind labels unused",ok,,0.366542796421645,0.3586738430318383,0.8656463783914005,6.317313314672761,6.221005125390187,-0.025308735695535,0.381935898093853,0.4556940798786026,20
Mid,Mid__sg_selected__PCA_PLSRegression__010,sg_selected,PCA_PLSRegression,"{""model__pca__n_components"": 20, ""model__pls__n_components"": 1}",40,4,"3, 5, 7, 10",2,"5, 7","3, 10",Middle-concentration-only LeaveOneConcentrationOut within the locked level; minimum and maximum concentrations are not held out as test folds,"lowest middle-heldout level-specific CV RMSE, then MAE and sMAPE; blind labels unused",ok,,0.3103033890219272,0.2724201439195856,0.9037118067615064,5.2439294566108,5.063472884174865,-0.2066819334536456,0.2819005858964574,0.4875290593622878,20
Mid,Mid__sg_selected__PCA_PLSRegression__011,sg_selected,PCA_PLSRegression,"{""model__pca__n_components"": 20, ""model__pls__n_components"": 2}",40,4,"3, 5, 7, 10",2,"5, 7","3, 10",Middle-concentration-only LeaveOneConcentrationOut within the locked level; minimum and maximum concentrations are not held out as test folds,"lowest middle-heldout level-specific CV RMSE, then MAE and sMAPE; blind labels unused",ok,,0.3103033890219311,0.2724201439195876,0.903711806761504,5.24392945661085,5.06347288417491,-0.2066819334536557,0.281900585896468,0.4875290593622914,20
Mid,Mid__sg_selected__PCA_PLSRegression__012,sg_selected,PCA_PLSRegression,"{""model__pca__n_components"": 20, ""model__pls__n_components"": 3}",40,4,"3, 5, 7, 10",2,"5, 7","3, 10",Middle-concentration-only LeaveOneConcentrationOut within the locked level; minimum and maximum concentrations are not held out as test folds,"lowest middle-heldout level-specific CV RMSE, then MAE and sMAPE; blind labels unused",ok,,0.3103033890219318,0.2724201439195873,0.9037118067615036,5.24392945661085,5.063472884174907,-0.2066819334536603,0.2819005858964729,0.4875290593622923,20
Mid,Mid__sg_selected__Ridge__013,sg_selected,Ridge,"{""model__alpha"": 0.01}",40,4,"3, 5, 7, 10",2,"5, 7","3, 10",Middle-concentration-only LeaveOneConcentrationOut within the locked level; minimum and maximum concentrations are not held out as test folds,"lowest middle-heldout level-specific CV RMSE, then MAE and sMAPE; blind labels unused",ok,,0.3280731317508407,0.2845579873094699,0.8923680202231955,5.492633780146507,5.286378222847792,-0.2507583966412058,0.3269710402474715,0.503108900318769,20
Mid,Mid__sg_selected__Ridge__014,sg_selected,Ridge,"{""model__alpha"": 0.1}",40,4,"3, 5, 7, 10",2,"5, 7","3, 10",Middle-concentration-only LeaveOneConcentrationOut within the locked level; minimum and maximum concentrations are not held out as test folds,"lowest middle-heldout level-specific CV RMSE, then MAE and sMAPE; blind labels unused",ok,,0.3332132334596439,0.3016993732952141,0.8889689410473689,5.651621144521242,5.494768246248619,-0.1154740913938984,0.3418612701135974,0.4756199130792389,20
Mid,Mid__sg_selected__Ridge__015,sg_selected,Ridge,"{""model__alpha"": 1.0}",40,4,"3, 5, 7, 10",2,"5, 7","3, 10",Middle-concentration-only LeaveOneConcentrationOut within the locked level; minimum and maximum concentrations are not held out as test folds,"lowest middle-heldout level-specific CV RMSE, then MAE and sMAPE; blind labels unused",ok,,0.2967521348528061,0.2620151584556394,0.911938170460302,5.00150306782404,4.8514336067306125,-0.1553737010865476,0.2821660359392086,0.4532187949413906,20
Mid,Mid__sg_selected__Ridge__016,sg_selected,Ridge,"{""model__alpha"": 10.0}",40,4,"3, 5, 7, 10",2,"5, 7","3, 10",Middle-concentration-only LeaveOneConcentrationOut within the locked level; minimum and maximum concentrations are not held out as test folds,"lowest middle-heldout level-specific CV RMSE, then MAE and sMAPE; blind labels unused",ok,,0.6275012158324348,0.5754613032103695,0.6062422241288161,9.800226387409712,9.299268515410915,-0.5754613032103695,0.5196678672570996,1.082956573100014,20
Mid,Mid__sg_selected__Lasso__017,sg_selected,Lasso,"{""model__alpha"": 0.001}",40,4,"3, 5, 7, 10",2,"5, 7","3, 10",Middle-concentration-only LeaveOneConcentrationOut within the locked level; minimum and maximum concentrations are not held out as test folds,"lowest middle-heldout level-specific CV RMSE, then MAE and sMAPE; blind labels unused",ok,,0.3320072796599283,0.3143319204037818,0.8897711662528142,5.108365089987458,5.1365480106580055,0.0881997186923885,0.2971604729350705,0.5210593684708309,20
Mid,Mid__sg_selected__Lasso__018,sg_selected,Lasso,"{""model__alpha"": 0.01}",40,4,"3, 5, 7, 10",2,"5, 7","3, 10",Middle-concentration-only LeaveOneConcentrationOut within the locked level; minimum and maximum concentrations are not held out as test folds,"lowest middle-heldout level-specific CV RMSE, then MAE and sMAPE; blind labels unused",ok,,0.1563073483321717,0.1373855598362514,0.9755680128573652,2.49357224667438,2.452405518623376,-0.1298426224112463,0.1472539580806771,0.2810025715582034,20
Mid,Mid__sg_selected__Lasso__019,sg_selected,Lasso,"{""model__alpha"": 0.1}",40,4,"3, 5, 7, 10",2,"5, 7","3, 10",Middle-concentration-only LeaveOneConcentrationOut within the locked level; minimum and maximum concentrations are not held out as test folds,"lowest middle-heldout level-specific CV RMSE, then MAE and sMAPE; blind labels unused",ok,,0.1499945211489854,0.1129990528780549,0.9775016436252866,1.8035827280610863,1.777521089555521,-0.1106716572899076,0.0874170915784549,0.3220978207027007,20
Mid,Mid__sg_selected__ElasticNet__020,sg_selected,ElasticNet,"{""model__alpha"": 0.001, ""model__l1_ratio"": 0.5}",40,4,"3, 5, 7, 10",2,"5, 7","3, 10",Middle-concentration-only LeaveOneConcentrationOut within the locked level; minimum and maximum concentrations are not held out as test folds,"lowest middle-heldout level-specific CV RMSE, then MAE and sMAPE; blind labels unused",ok,,0.2857618029532426,0.2608891883020435,0.9183401919729122,4.820459798711179,4.715830982119321,-0.0852057139295008,0.3000442170781285,0.4070442987753608,20
Mid,Mid__sg_selected__ElasticNet__021,sg_selected,ElasticNet,"{""model__alpha"": 0.01, ""model__l1_ratio"": 0.5}",40,4,"3, 5, 7, 10",2,"5, 7","3, 10",Middle-concentration-only LeaveOneConcentrationOut within the locked level; minimum and maximum concentrations are not held out as test folds,"lowest middle-heldout level-specific CV RMSE, then MAE and sMAPE; blind labels unused",ok,,0.212481525968897,0.1858440946792629,0.9548516011219288,3.52294211180859,3.443559995238818,-0.1227014285522314,0.181047032579821,0.3939978730209681,20
Mid,Mid__sg_selected__ElasticNet__022,sg_selected,ElasticNet,"{""model__alpha"": 0.1, ""model__l1_ratio"": 0.5}",40,4,"3, 5, 7, 10",2,"5, 7","3, 10",Middle-concentration-only LeaveOneConcentrationOut within the locked level; minimum and maximum concentrations are not held out as test folds,"lowest middle-heldout level-specific CV RMSE, then MAE and sMAPE; blind labels unused",ok,,0.3316026435380492,0.3062585011351983,0.8900396867985775,5.213799561122088,5.06681092486332,-0.3062585011351983,0.2647195924770429,0.589445973189803,20
Mid,Mid__sg_selected__SVR_RBF__023,sg_selected,SVR_RBF,"{""model__C"": 1.0, ""model__epsilon"": 0.05, ""model__gamma"": ""scale""}",40,4,"3, 5, 7, 10",2,"5, 7","3, 10",Middle-concentration-only LeaveOneConcentrationOut within the locked level; minimum and maximum concentrations are not held out as test folds,"lowest middle-heldout level-specific CV RMSE, then MAE and sMAPE; blind labels unused",ok,,0.7967507418769322,0.617344298615089,0.3651882553185581,9.8751207257394,9.216177284101777,-0.4866136890019857,0.5730801821330327,1.3231928882294677,20
Mid,Mid__sg_selected__SVR_RBF__024,sg_selected,SVR_RBF,"{""model__C"": 1.0, ""model__epsilon"": 0.1, ""model__gamma"": ""scale""}",40,4,"3, 5, 7, 10",2,"5, 7","3, 10",Middle-concentration-only LeaveOneConcentrationOut within the locked level; minimum and maximum concentrations are not held out as test folds,"lowest middle-heldout level-specific CV RMSE, then MAE and sMAPE; blind labels unused",ok,,0.7919023570148881,0.6160996783285329,0.3728906569542647,9.859911715030208,9.213659579536396,-0.4773629975478865,0.5743970344304712,1.3146420629272946,20
Mid,Mid__sg_selected__SVR_RBF__025,sg_selected,SVR_RBF,"{""model__C"": 1.0, ""model__epsilon"": 0.5, ""model__gamma"": ""scale""}",40,4,"3, 5, 7, 10",2,"5, 7","3, 10",Middle-concentration-only LeaveOneConcentrationOut within the locked level; minimum and maximum concentrations are not held out as test folds,"lowest middle-heldout level-specific CV RMSE, then MAE and sMAPE; blind labels unused",ok,,0.7209103750185711,0.5880159342071398,0.480288231190583,9.469159315952655,8.976705360145612,-0.3862487291918748,0.5397708705924908,1.2023428906768547,20
Mid,Mid__sg_selected__SVR_RBF__026,sg_selected,SVR_RBF,"{""model__C"": 10.0, ""model__epsilon"": 0.05, ""model__gamma"": ""scale""}",40,4,"3, 5, 7, 10",2,"5, 7","3, 10",Middle-concentration-only LeaveOneConcentrationOut within the locked level; minimum and maximum concentrations are not held out as test folds,"lowest middle-heldout level-specific CV RMSE, then MAE and sMAPE; blind labels unused",ok,,0.7946880881509852,0.6765895820280281,0.3684708425509319,11.021649915961932,10.465366319571276,-0.3966592803182205,0.6826265650358181,1.2240846527345468,20
Mid,Mid__sg_selected__SVR_RBF__027,sg_selected,SVR_RBF,"{""model__C"": 10.0, ""model__epsilon"": 0.1, ""model__gamma"": ""scale""}",40,4,"3, 5, 7, 10",2,"5, 7","3, 10",Middle-concentration-only LeaveOneConcentrationOut within the locked level; minimum and maximum concentrations are not held out as test folds,"lowest middle-heldout level-specific CV RMSE, then MAE and sMAPE; blind labels unused",ok,,0.789016095184786,0.6377046096605304,0.3774536015393527,10.277694707348829,9.670172212737626,-0.441667383505013,0.6227322838401119,1.2658254561363511,20
Mid,Mid__sg_selected__SVR_RBF__028,sg_selected,SVR_RBF,"{""model__C"": 10.0, ""model__epsilon"": 0.5, ""model__gamma"": ""scale""}",40,4,"3, 5, 7, 10",2,"5, 7","3, 10",Middle-concentration-only LeaveOneConcentrationOut within the locked level; minimum and maximum concentrations are not held out as test folds,"lowest middle-heldout level-specific CV RMSE, then MAE and sMAPE; blind labels unused",ok,,0.7196265065220625,0.6036718069328337,0.4821376911108519,9.782125091339095,9.321327333466126,-0.3595662748838583,0.5573298396000919,1.1857149991284528,20
Mid,Mid__sg_selected__SVR_RBF__029,sg_selected,SVR_RBF,"{""model__C"": 100.0, ""model__epsilon"": 0.05, ""model__gamma"": ""scale""}",40,4,"3, 5, 7, 10",2,"5, 7","3, 10",Middle-concentration-only LeaveOneConcentrationOut within the locked level; minimum and maximum concentrations are not held out as test folds,"lowest middle-heldout level-specific CV RMSE, then MAE and sMAPE; blind labels unused",ok,,0.7946880881509852,0.6765895820280281,0.3684708425509319,11.021649915961932,10.465366319571276,-0.3966592803182205,0.6826265650358181,1.2240846527345468,20
Mid,Mid__sg_selected__SVR_RBF__030,sg_selected,SVR_RBF,"{""model__C"": 100.0, ""model__epsilon"": 0.1, ""model__gamma"": ""scale""}",40,4,"3, 5, 7, 10",2,"5, 7","3, 10",Middle-concentration-only LeaveOneConcentrationOut within the locked level; minimum and maximum concentrations are not held out as test folds,"lowest middle-heldout level-specific CV RMSE, then MAE and sMAPE; blind labels unused",ok,,0.789016095184786,0.6377046096605304,0.3774536015393527,10.277694707348829,9.670172212737626,-0.441667383505013,0.6227322838401119,1.2658254561363511,20
Mid,Mid__sg_selected__SVR_RBF__031,sg_selected,SVR_RBF,"{""model__C"": 100.0, ""model__epsilon"": 0.5, ""model__gamma"": ""scale""}",40,4,"3, 5, 7, 10",2,"5, 7","3, 10",Middle-concentration-only LeaveOneConcentrationOut within the locked level; minimum and maximum concentrations are not held out as test folds,"lowest middle-heldout level-specific CV RMSE, then MAE and sMAPE; blind labels unused",ok,,0.7196265065220625,0.6036718069328337,0.4821376911108519,9.782125091339095,9.321327333466126,-0.3595662748838583,0.5573298396000919,1.1857149991284528,20
Mid,Mid__sg_selected__RandomForestRegressor__032,sg_selected,RandomForestRegressor,"{""model__max_features"": ""sqrt"", ""model__min_samples_leaf"": 1, ""model__n_estimators"": 160}",40,4,"3, 5, 7, 10",2,"5, 7","3, 10",Middle-concentration-only LeaveOneConcentrationOut within the locked level; minimum and maximum concentrations are not held out as test folds,"lowest middle-heldout level-specific CV RMSE, then MAE and sMAPE; blind labels unused",ok,,1.7337583363173772,1.6387500000000004,-2.00591796875,28.36088868724541,26.491071428571438,-0.5606249999999998,1.7125,2.225,20
Mid,Mid__sg_selected__RandomForestRegressor__033,sg_selected,RandomForestRegressor,"{""model__max_features"": ""sqrt"", ""model__min_samples_leaf"": 3, ""model__n_estimators"": 160}",40,4,"3, 5, 7, 10",2,"5, 7","3, 10",Middle-concentration-only LeaveOneConcentrationOut within the locked level; minimum and maximum concentrations are not held out as test folds,"lowest middle-heldout level-specific CV RMSE, then MAE and sMAPE; blind labels unused",ok,,1.7337583363173772,1.6387500000000004,-2.00591796875,28.36088868724541,26.491071428571438,-0.5606249999999998,1.7125,2.225,20
Mid,Mid__sg_selected__RandomForestRegressor__034,sg_selected,RandomForestRegressor,"{""model__max_features"": 0.5, ""model__min_samples_leaf"": 1, ""model__n_estimators"": 160}",40,4,"3, 5, 7, 10",2,"5, 7","3, 10",Middle-concentration-only LeaveOneConcentrationOut within the locked level; minimum and maximum concentrations are not held out as test folds,"lowest middle-heldout level-specific CV RMSE, then MAE and sMAPE; blind labels unused",ok,,1.7754686881215338,1.656875,-2.1522890625000004,28.82129590470833,26.60357142857142,-0.6300000000000001,1.7531249999999998,2.3125,20
Mid,Mid__sg_selected__RandomForestRegressor__035,sg_selected,RandomForestRegressor,"{""model__max_features"": 0.5, ""model__min_samples_leaf"": 3, ""model__n_estimators"": 160}",40,4,"3, 5, 7, 10",2,"5, 7","3, 10",Middle-concentration-only LeaveOneConcentrationOut within the locked level; minimum and maximum concentrations are not held out as test folds,"lowest middle-heldout level-specific CV RMSE, then MAE and sMAPE; blind labels unused",ok,,1.7754686881215338,1.656875,-2.1522890625000004,28.82129590470833,26.60357142857142,-0.6300000000000001,1.7531249999999998,2.3125,20
Mid,Mid__sg_selected__RandomForestRegressor__036,sg_selected,RandomForestRegressor,"{""model__max_features"": 1.0, ""model__min_samples_leaf"": 1, ""model__n_estimators"": 160}",40,4,"3, 5, 7, 10",2,"5, 7","3, 10",Middle-concentration-only LeaveOneConcentrationOut within the locked level; minimum and maximum concentrations are not held out as test folds,"lowest middle-heldout level-specific CV RMSE, then MAE and sMAPE; blind labels unused",ok,,1.760636204259699,1.6631250000000002,-2.0998398437500003,28.828192747748997,26.874999999999996,-0.5725,1.7375000000000005,2.2625,20
Mid,Mid__sg_selected__RandomForestRegressor__037,sg_selected,RandomForestRegressor,"{""model__max_features"": 1.0, ""model__min_samples_leaf"": 3, ""model__n_estimators"": 160}",40,4,"3, 5, 7, 10",2,"5, 7","3, 10",Middle-concentration-only LeaveOneConcentrationOut within the locked level; minimum and maximum concentrations are not held out as test folds,"lowest middle-heldout level-specific CV RMSE, then MAE and sMAPE; blind labels unused",ok,,1.760636204259699,1.6631250000000002,-2.0998398437500003,28.828192747748997,26.874999999999996,-0.5725,1.7375000000000005,2.2625,20
Mid,Mid__sg_selected__GradientBoostingRegressor__038,sg_selected,GradientBoostingRegressor,"{""model__learning_rate"": 0.05, ""model__max_depth"": 2, ""model__n_estimators"": 120}",40,4,"3, 5, 7, 10",2,"5, 7","3, 10",Middle-concentration-only LeaveOneConcentrationOut within the locked level; minimum and maximum concentrations are not held out as test folds,"lowest middle-heldout level-specific CV RMSE, then MAE and sMAPE; blind labels unused",ok,,1.9235298402716416,1.6652821038966834,-2.6999670464154475,29.629297754876703,25.82230375428501,-0.9538863093803468,1.691812311828087,2.7016297845937274,20
Mid,Mid__sg_selected__GradientBoostingRegressor__039,sg_selected,GradientBoostingRegressor,"{""model__learning_rate"": 0.1, ""model__max_depth"": 2, ""model__n_estimators"": 120}",40,4,"3, 5, 7, 10",2,"5, 7","3, 10",Middle-concentration-only LeaveOneConcentrationOut within the locked level; minimum and maximum concentrations are not held out as test folds,"lowest middle-heldout level-specific CV RMSE, then MAE and sMAPE; blind labels unused",ok,,2.080817434325311,1.6228764023269626,-3.3298011949921698,29.51841484432319,24.100101919482636,-1.302222742142854,1.6226795972572914,2.927057583243463,20
High,High__sg_selected__PLSRegression__000,sg_selected,PLSRegression,"{""model__n_components"": 1}",40,4,"25, 50, 75, 100",2,"50, 75","25, 100",Middle-concentration-only LeaveOneConcentrationOut within the locked level; minimum and maximum concentrations are not held out as test folds,"lowest middle-heldout level-specific CV RMSE, then MAE and sMAPE; blind labels unused",ok,,3.351702458886284,2.9890027865975526,0.928102980013412,5.595500642693514,5.404893213578708,-2.0433951269294357,3.348160694499086,4.85272113313637,20
High,High__sg_selected__PLSRegression__001,sg_selected,PLSRegression,"{""model__n_components"": 2}",40,4,"25, 50, 75, 100",2,"50, 75","25, 100",Middle-concentration-only LeaveOneConcentrationOut within the locked level; minimum and maximum concentrations are not held out as test folds,"lowest middle-heldout level-specific CV RMSE, then MAE and sMAPE; blind labels unused",ok,,4.259517241404723,4.0372048834695695,0.8838816823691258,6.629743410794317,6.589409156368944,0.417796948241017,3.881048057277866,7.134164243456269,20
High,High__sg_selected__PLSRegression__002,sg_selected,PLSRegression,"{""model__n_components"": 3}",40,4,"25, 50, 75, 100",2,"50, 75","25, 100",Middle-concentration-only LeaveOneConcentrationOut within the locked level; minimum and maximum concentrations are not held out as test folds,"lowest middle-heldout level-specific CV RMSE, then MAE and sMAPE; blind labels unused",ok,,3.9593889417224433,3.792643358066055,0.8996687309322626,6.115784348133474,6.3299051738316985,3.792643358066055,3.780666949120068,6.114671829908204,20
High,High__sg_selected__PLSRegression__003,sg_selected,PLSRegression,"{""model__n_components"": 5}",40,4,"25, 50, 75, 100",2,"50, 75","25, 100",Middle-concentration-only LeaveOneConcentrationOut within the locked level; minimum and maximum concentrations are not held out as test folds,"lowest middle-heldout level-specific CV RMSE, then MAE and sMAPE; blind labels unused",ok,,0.6936334707804308,0.5619904686445863,0.9969207846925638,0.8870498414956808,0.8928997487034936,0.521693638903973,0.5227432022890213,1.5904621555720553,20
High,High__sg_selected__PCA_PLSRegression__004,sg_selected,PCA_PLSRegression,"{""model__pca__n_components"": 5, ""model__pls__n_components"": 1}",40,4,"25, 50, 75, 100",2,"50, 75","25, 100",Middle-concentration-only LeaveOneConcentrationOut within the locked level; minimum and maximum concentrations are not held out as test folds,"lowest middle-heldout level-specific CV RMSE, then MAE and sMAPE; blind labels unused",ok,,4.872572438420204,4.636098933405028,0.8480514421270259,7.072781948794307,7.341832870231019,4.636098933405028,4.177682103796098,7.624154656341716,20
High,High__sg_selected__PCA_PLSRegression__005,sg_selected,PCA_PLSRegression,"{""model__pca__n_components"": 5, ""model__pls__n_components"": 2}",40,4,"25, 50, 75, 100",2,"50, 75","25, 100",Middle-concentration-only LeaveOneConcentrationOut within the locked level; minimum and maximum concentrations are not held out as test folds,"lowest middle-heldout level-specific CV RMSE, then MAE and sMAPE; blind labels unused",ok,,4.872572438420213,4.63609893340503,0.8480514421270253,7.072781948794307,7.341832870231017,4.63609893340503,4.177682103796073,7.624154656341744,20
High,High__sg_selected__PCA_PLSRegression__006,sg_selected,PCA_PLSRegression,"{""model__pca__n_components"": 5, ""model__pls__n_components"": 3}",40,4,"25, 50, 75, 100",2,"50, 75","25, 100",Middle-concentration-only LeaveOneConcentrationOut within the locked level; minimum and maximum concentrations are not held out as test folds,"lowest middle-heldout level-specific CV RMSE, then MAE and sMAPE; blind labels unused",ok,,4.872572438420181,4.636098933404988,0.8480514421270273,7.072781948794228,7.341832870230933,4.636098933404988,4.177682103795988,7.624154656341744,20
High,High__sg_selected__PCA_PLSRegression__007,sg_selected,PCA_PLSRegression,"{""model__pca__n_components"": 10, ""model__pls__n_components"": 1}",40,4,"25, 50, 75, 100",2,"50, 75","25, 100",Middle-concentration-only LeaveOneConcentrationOut within the locked level; minimum and maximum concentrations are not held out as test folds,"lowest middle-heldout level-specific CV RMSE, then MAE and sMAPE; blind labels unused",ok,,4.411547838556339,4.370610103437465,0.8754447722760249,7.180432199722143,7.123636925483742,0.4821397407360955,4.381699584899334,5.6363382487568,20
High,High__sg_selected__PCA_PLSRegression__008,sg_selected,PCA_PLSRegression,"{""model__pca__n_components"": 10, ""model__pls__n_components"": 2}",40,4,"25, 50, 75, 100",2,"50, 75","25, 100",Middle-concentration-only LeaveOneConcentrationOut within the locked level; minimum and maximum concentrations are not held out as test folds,"lowest middle-heldout level-specific CV RMSE, then MAE and sMAPE; blind labels unused",ok,,4.41154783855636,4.37061010343749,0.8754447722760237,7.1804321997222,7.123636925483794,0.482139740736066,4.381699584899362,5.636338248756786,20
High,High__sg_selected__PCA_PLSRegression__009,sg_selected,PCA_PLSRegression,"{""model__pca__n_components"": 10, ""model__pls__n_components"": 3}",40,4,"25, 50, 75, 100",2,"50, 75","25, 100",Middle-concentration-only LeaveOneConcentrationOut within the locked level; minimum and maximum concentrations are not held out as test folds,"lowest middle-heldout level-specific CV RMSE, then MAE and sMAPE; blind labels unused",ok,,4.411547838556382,4.370610103437509,0.8754447722760225,7.180432199722217,7.123636925483819,0.4821397407360951,4.381699584899387,5.636338248756843,20
High,High__sg_selected__PCA_PLSRegression__010,sg_selected,PCA_PLSRegression,"{""model__pca__n_components"": 20, ""model__pls__n_components"": 1}",40,4,"25, 50, 75, 100",2,"50, 75","25, 100",Middle-concentration-only LeaveOneConcentrationOut within the locked level; minimum and maximum concentrations are not held out as test folds,"lowest middle-heldout level-specific CV RMSE, then MAE and sMAPE; blind labels unused",ok,,3.4690658879523566,3.368454534980568,0.92297972393629,6.046190095096834,5.839464934624415,-3.368454534980568,3.2835039803145527,4.54331567076828,20
High,High__sg_selected__PCA_PLSRegression__011,sg_selected,PCA_PLSRegression,"{""model__pca__n_components"": 20, ""model__pls__n_components"": 2}",40,4,"25, 50, 75, 100",2,"50, 75","25, 100",Middle-concentration-only LeaveOneConcentrationOut within the locked level; minimum and maximum concentrations are not held out as test folds,"lowest middle-heldout level-specific CV RMSE, then MAE and sMAPE; blind labels unused",ok,,3.469065887952372,3.368454534980587,0.9229797239362894,6.046190095096861,5.8394649346244405,-3.368454534980587,3.2835039803145705,4.54331567076828,20
High,High__sg_selected__PCA_PLSRegression__012,sg_selected,PCA_PLSRegression,"{""model__pca__n_components"": 20, ""model__pls__n_components"": 3}",40,4,"25, 50, 75, 100",2,"50, 75","25, 100",Middle-concentration-only LeaveOneConcentrationOut within the locked level; minimum and maximum concentrations are not held out as test folds,"lowest middle-heldout level-specific CV RMSE, then MAE and sMAPE; blind labels unused",ok,,3.469065887952238,3.368454534980459,0.9229797239362952,6.046190095096617,5.839464934624213,-3.368454534980459,3.2835039803144284,4.543315670768102,20
High,High__sg_selected__Ridge__013,sg_selected,Ridge,"{""model__alpha"": 0.01}",40,4,"25, 50, 75, 100",2,"50, 75","25, 100",Middle-concentration-only LeaveOneConcentrationOut within the locked level; minimum and maximum concentrations are not held out as test folds,"lowest middle-heldout level-specific CV RMSE, then MAE and sMAPE; blind labels unused",ok,,1.7983428779261277,1.3798780729080569,0.9793021625178392,1.944575792007683,1.9703353490873832,1.068480338156128,0.8384794577140227,3.7709785789627546,20
High,High__sg_selected__Ridge__014,sg_selected,Ridge,"{""model__alpha"": 0.1}",40,4,"25, 50, 75, 100",2,"50, 75","25, 100",Middle-concentration-only LeaveOneConcentrationOut within the locked level; minimum and maximum concentrations are not held out as test folds,"lowest middle-heldout level-specific CV RMSE, then MAE and sMAPE; blind labels unused",ok,,3.572346987376924,3.2744514166367127,0.9183253568113856,5.017426418626734,5.159213693243441,3.2744514166367127,2.8539398367645745,6.482265885270579,20
High,High__sg_selected__Ridge__015,sg_selected,Ridge,"{""model__alpha"": 1.0}",40,4,"25, 50, 75, 100",2,"50, 75","25, 100",Middle-concentration-only LeaveOneConcentrationOut within the locked level; minimum and maximum concentrations are not held out as test folds,"lowest middle-heldout level-specific CV RMSE, then MAE and sMAPE; blind labels unused",ok,,3.3462446532275405,2.4102716173438474,0.928336939012775,3.2666520657174387,3.363603995008668,2.2979787664855715,1.2225001615942863,7.006558781492785,20
High,High__sg_selected__Ridge__016,sg_selected,Ridge,"{""model__alpha"": 10.0}",40,4,"25, 50, 75, 100",2,"50, 75","25, 100",Middle-concentration-only LeaveOneConcentrationOut within the locked level; minimum and maximum concentrations are not held out as test folds,"lowest middle-heldout level-specific CV RMSE, then MAE and sMAPE; blind labels unused",ok,,3.765877531211999,3.484495334471043,0.9092362650874408,5.617882571325557,5.6130638501105246,0.583285122023641,3.2685870128611896,6.775858198357412,20
High,High__sg_selected__Lasso__017,sg_selected,Lasso,"{""model__alpha"": 0.001}",40,4,"25, 50, 75, 100",2,"50, 75","25, 100",Middle-concentration-only LeaveOneConcentrationOut within the locked level; minimum and maximum concentrations are not held out as test folds,"lowest middle-heldout level-specific CV RMSE, then MAE and sMAPE; blind labels unused",ok,,4.378579678485269,4.133046723651271,0.8772994559945974,6.359718902137873,6.5816126357610445,4.133046723651271,3.857097579461712,7.231771103373347,20
High,High__sg_selected__Lasso__018,sg_selected,Lasso,"{""model__alpha"": 0.01}",40,4,"25, 50, 75, 100",2,"50, 75","25, 100",Middle-concentration-only LeaveOneConcentrationOut within the locked level; minimum and maximum concentrations are not held out as test folds,"lowest middle-heldout level-specific CV RMSE, then MAE and sMAPE; blind labels unused",ok,,3.228319097206928,2.786584952638028,0.933298917162298,4.173629307789684,4.281611220172933,2.786584952638028,2.44947184129186,6.201813035873812,20
High,High__sg_selected__Lasso__019,sg_selected,Lasso,"{""model__alpha"": 0.1}",40,4,"25, 50, 75, 100",2,"50, 75","25, 100",Middle-concentration-only LeaveOneConcentrationOut within the locked level; minimum and maximum concentrations are not held out as test folds,"lowest middle-heldout level-specific CV RMSE, then MAE and sMAPE; blind labels unused",ok,,3.241068979963912,2.390753936055651,0.9327710199495404,3.253426703113628,3.343181716383956,2.1768306867983496,1.329296040995466,6.48825804381417,20
High,High__sg_selected__ElasticNet__020,sg_selected,ElasticNet,"{""model__alpha"": 0.001, ""model__l1_ratio"": 0.5}",40,4,"25, 50, 75, 100",2,"50, 75","25, 100",Middle-concentration-only LeaveOneConcentrationOut within the locked level; minimum and maximum concentrations are not held out as test folds,"lowest middle-heldout level-specific CV RMSE, then MAE and sMAPE; blind labels unused",ok,,3.476884276153058,3.169142262038934,0.9226321646735336,4.790020548883524,4.918673500408085,3.169142262038934,2.694827855786201,6.225639593437748,20
High,High__sg_selected__ElasticNet__021,sg_selected,ElasticNet,"{""model__alpha"": 0.01, ""model__l1_ratio"": 0.5}",40,4,"25, 50, 75, 100",2,"50, 75","25, 100",Middle-concentration-only LeaveOneConcentrationOut within the locked level; minimum and maximum concentrations are not held out as test folds,"lowest middle-heldout level-specific CV RMSE, then MAE and sMAPE; blind labels unused",ok,,3.637139708919446,3.00263834938474,0.9153357743219288,4.322778921157699,4.4474052267500905,3.00263834938474,2.0764567147639106,7.110977647285125,20
High,High__sg_selected__ElasticNet__022,sg_selected,ElasticNet,"{""model__alpha"": 0.1, ""model__l1_ratio"": 0.5}",40,4,"25, 50, 75, 100",2,"50, 75","25, 100",Middle-concentration-only LeaveOneConcentrationOut within the locked level; minimum and maximum concentrations are not held out as test folds,"lowest middle-heldout level-specific CV RMSE, then MAE and sMAPE; blind labels unused",ok,,3.6366244670417753,3.059313043658052,0.915359759908564,4.529476071857238,4.603403897215533,1.4863535266436605,2.171995201612038,7.211114267892157,20
High,High__sg_selected__SVR_RBF__023,sg_selected,SVR_RBF,"{""model__C"": 1.0, ""model__epsilon"": 0.05, ""model__gamma"": ""scale""}",40,4,"25, 50, 75, 100",2,"50, 75","25, 100",Middle-concentration-only LeaveOneConcentrationOut within the locked level; minimum and maximum concentrations are not held out as test folds,"lowest middle-heldout level-specific CV RMSE, then MAE and sMAPE; blind labels unused",ok,,15.89640955313734,15.88700893589766,-0.6172533547588865,25.53639542482989,26.55783356055284,0.2384560021702263,16.001453831523392,16.792135029612993,20
High,High__sg_selected__SVR_RBF__024,sg_selected,SVR_RBF,"{""model__C"": 1.0, ""model__epsilon"": 0.1, ""model__gamma"": ""scale""}",40,4,"25, 50, 75, 100",2,"50, 75","25, 100",Middle-concentration-only LeaveOneConcentrationOut within the locked level; minimum and maximum concentrations are not held out as test folds,"lowest middle-heldout level-specific CV RMSE, then MAE and sMAPE; blind labels unused",ok,,15.89718008364386,15.887979772163652,-0.6174101415155391,25.539073144030034,26.55515196494072,0.2255570340038883,15.993285696403747,16.80521477270922,20
High,High__sg_selected__SVR_RBF__025,sg_selected,SVR_RBF,"{""model__C"": 1.0, ""model__epsilon"": 0.5, ""model__gamma"": ""scale""}",40,4,"25, 50, 75, 100",2,"50, 75","25, 100",Middle-concentration-only LeaveOneConcentrationOut within the locked level; minimum and maximum concentrations are not held out as test folds,"lowest middle-heldout level-specific CV RMSE, then MAE and sMAPE; blind labels unused",ok,,15.871590297005277,15.86216586339688,-0.6122072227583488,25.496673029358995,26.518745206525,0.2454063025905949,15.984073356767162,16.75362396954273,20
High,High__sg_selected__SVR_RBF__026,sg_selected,SVR_RBF,"{""model__C"": 10.0, ""model__epsilon"": 0.05, ""model__gamma"": ""scale""}",40,4,"25, 50, 75, 100",2,"50, 75","25, 100",Middle-concentration-only LeaveOneConcentrationOut within the locked level; minimum and maximum concentrations are not held out as test folds,"lowest middle-heldout level-specific CV RMSE, then MAE and sMAPE; blind labels unused",ok,,6.980770092217059,6.831577129437671,0.6881206330854901,11.741804189254,11.424540125422194,-0.1157347290782229,6.943669698898802,9.713774080206704,20
High,High__sg_selected__SVR_RBF__027,sg_selected,SVR_RBF,"{""model__C"": 10.0, ""model__epsilon"": 0.1, ""model__gamma"": ""scale""}",40,4,"25, 50, 75, 100",2,"50, 75","25, 100",Middle-concentration-only LeaveOneConcentrationOut within the locked level; minimum and maximum concentrations are not held out as test folds,"lowest middle-heldout level-specific CV RMSE, then MAE and sMAPE; blind labels unused",ok,,6.925730690786303,6.773675328010529,0.6930192281516843,11.663490826607957,11.342797760897977,-0.1600166426412741,6.886160449681796,9.620728680717631,20
High,High__sg_selected__SVR_RBF__028,sg_selected,SVR_RBF,"{""model__C"": 10.0, ""model__epsilon"": 0.5, ""model__gamma"": ""scale""}",40,4,"25, 50, 75, 100",2,"50, 75","25, 100",Middle-concentration-only LeaveOneConcentrationOut within the locked level; minimum and maximum concentrations are not held out as test folds,"lowest middle-heldout level-specific CV RMSE, then MAE and sMAPE; blind labels unused",ok,,6.678019541026968,6.524113523053609,0.7145859520618365,11.1870990358763,10.9042285216528,-0.0921179496903583,6.635787441346402,9.411674899740577,20
High,High__sg_selected__SVR_RBF__029,sg_selected,SVR_RBF,"{""model__C"": 100.0, ""model__epsilon"": 0.05, ""model__gamma"": ""scale""}",40,4,"25, 50, 75, 100",2,"50, 75","25, 100",Middle-concentration-only LeaveOneConcentrationOut within the locked level; minimum and maximum concentrations are not held out as test folds,"lowest middle-heldout level-specific CV RMSE, then MAE and sMAPE; blind labels unused",ok,,3.0984434461309047,2.688781992652632,0.938557748551222,4.244701028010911,4.360229642852518,2.633784964554465,2.5819356652887464,6.2677784153432015,20
High,High__sg_selected__SVR_RBF__030,sg_selected,SVR_RBF,"{""model__C"": 100.0, ""model__epsilon"": 0.1, ""model__gamma"": ""scale""}",40,4,"25, 50, 75, 100",2,"50, 75","25, 100",Middle-concentration-only LeaveOneConcentrationOut within the locked level; minimum and maximum concentrations are not held out as test folds,"lowest middle-heldout level-specific CV RMSE, then MAE and sMAPE; blind labels unused",ok,,3.0831435440144985,2.743981219498219,0.939163045676811,4.49402871891782,4.623347686668412,2.604045595124146,2.546460136218865,5.704636449874428,20
High,High__sg_selected__SVR_RBF__031,sg_selected,SVR_RBF,"{""model__C"": 100.0, ""model__epsilon"": 0.5, ""model__gamma"": ""scale""}",40,4,"25, 50, 75, 100",2,"50, 75","25, 100",Middle-concentration-only LeaveOneConcentrationOut within the locked level; minimum and maximum concentrations are not held out as test folds,"lowest middle-heldout level-specific CV RMSE, then MAE and sMAPE; blind labels unused",ok,,2.843942477372844,2.4879908790944514,0.9482367435865242,4.014634612142203,4.117439972649133,2.3369194048349478,2.2806884052521923,5.672863844704111,20
High,High__sg_selected__RandomForestRegressor__032,sg_selected,RandomForestRegressor,"{""model__max_features"": ""sqrt"", ""model__min_samples_leaf"": 1, ""model__n_estimators"": 160}",40,4,"25, 50, 75, 100",2,"50, 75","25, 100",Middle-concentration-only LeaveOneConcentrationOut within the locked level; minimum and maximum concentrations are not held out as test folds,"lowest middle-heldout level-specific CV RMSE, then MAE and sMAPE; blind labels unused",ok,,13.78422586917742,11.765625,-0.2160312499999999,25.80908502787269,21.760416666666668,-7.640625,12.96875,21.25,20
High,High__sg_selected__RandomForestRegressor__033,sg_selected,RandomForestRegressor,"{""model__max_features"": ""sqrt"", ""model__min_samples_leaf"": 3, ""model__n_estimators"": 160}",40,4,"25, 50, 75, 100",2,"50, 75","25, 100",Middle-concentration-only LeaveOneConcentrationOut within the locked level; minimum and maximum concentrations are not held out as test folds,"lowest middle-heldout level-specific CV RMSE, then MAE and sMAPE; blind labels unused",ok,,13.78422586917742,11.765625,-0.2160312499999999,25.80908502787269,21.760416666666668,-7.640625,12.96875,21.25,20
High,High__sg_selected__RandomForestRegressor__034,sg_selected,RandomForestRegressor,"{""model__max_features"": 0.5, ""model__min_samples_leaf"": 1, ""model__n_estimators"": 160}",40,4,"25, 50, 75, 100",2,"50, 75","25, 100",Middle-concentration-only LeaveOneConcentrationOut within the locked level; minimum and maximum concentrations are not held out as test folds,"lowest middle-heldout level-specific CV RMSE, then MAE and sMAPE; blind labels unused",ok,,13.78422586917742,11.765625,-0.2160312499999999,25.80908502787269,21.760416666666668,-7.640625,12.96875,21.25,20
High,High__sg_selected__RandomForestRegressor__035,sg_selected,RandomForestRegressor,"{""model__max_features"": 0.5, ""model__min_samples_leaf"": 3, ""model__n_estimators"": 160}",40,4,"25, 50, 75, 100",2,"50, 75","25, 100",Middle-concentration-only LeaveOneConcentrationOut within the locked level; minimum and maximum concentrations are not held out as test folds,"lowest middle-heldout level-specific CV RMSE, then MAE and sMAPE; blind labels unused",ok,,13.78422586917742,11.765625,-0.2160312499999999,25.80908502787269,21.760416666666668,-7.640625,12.96875,21.25,20
High,High__sg_selected__RandomForestRegressor__036,sg_selected,RandomForestRegressor,"{""model__max_features"": 1.0, ""model__min_samples_leaf"": 1, ""model__n_estimators"": 160}",40,4,"25, 50, 75, 100",2,"50, 75","25, 100",Middle-concentration-only LeaveOneConcentrationOut within the locked level; minimum and maximum concentrations are not held out as test folds,"lowest middle-heldout level-specific CV RMSE, then MAE and sMAPE; blind labels unused",ok,,13.78422586917742,11.765625,-0.2160312499999999,25.80908502787269,21.760416666666668,-7.640625,12.96875,21.25,20
High,High__sg_selected__RandomForestRegressor__037,sg_selected,RandomForestRegressor,"{""model__max_features"": 1.0, ""model__min_samples_leaf"": 3, ""model__n_estimators"": 160}",40,4,"25, 50, 75, 100",2,"50, 75","25, 100",Middle-concentration-only LeaveOneConcentrationOut within the locked level; minimum and maximum concentrations are not held out as test folds,"lowest middle-heldout level-specific CV RMSE, then MAE and sMAPE; blind labels unused",ok,,13.78422586917742,11.765625,-0.2160312499999999,25.80908502787269,21.760416666666668,-7.640625,12.96875,21.25,20
High,High__sg_selected__GradientBoostingRegressor__038,sg_selected,GradientBoostingRegressor,"{""model__learning_rate"": 0.05, ""model__max_depth"": 2, ""model__n_estimators"": 120}",40,4,"25, 50, 75, 100",2,"50, 75","25, 100",Middle-concentration-only LeaveOneConcentrationOut within the locked level; minimum and maximum concentrations are not held out as test folds,"lowest middle-heldout level-specific CV RMSE, then MAE and sMAPE; blind labels unused",ok,,13.762310455758415,13.1162346782631,-0.2121676101163356,24.66068826529804,22.479257147056973,-1.8565980498553976,14.477622186409205,17.763655931521072,20
High,High__sg_selected__GradientBoostingRegressor__039,sg_selected,GradientBoostingRegressor,"{""model__learning_rate"": 0.1, ""model__max_depth"": 2, ""model__n_estimators"": 120}",40,4,"25, 50, 75, 100",2,"50, 75","25, 100",Middle-concentration-only LeaveOneConcentrationOut within the locked level; minimum and maximum concentrations are not held out as test folds,"lowest middle-heldout level-specific CV RMSE, then MAE and sMAPE; blind labels unused",ok,,14.805426722262949,14.399828198305272,-0.4028842267411059,25.23639968905382,23.83202162904896,0.503076104379447,15.04839122894553,20.34400621054576,20
